ID,Array
0,"[0.0, 0.0, 0.0, 0.0, 0.0, 0.0, 0.0, 0.0, 0.0, 0.0, 0.0, 3.3881317890172014e-21, 0.0, 0.0, 0.0, 0.0, 0.0, 0.0, -2.6469779601696886e-23, 0.0, -3.3881317890172014e-21, 0.0, 0.0, 0.0, 0.0, 0.0, 0.0, 0.0, 0.0, 0.0, -1.6940658945086007e-21, 0.0, 0.0, 0.0, 0.0, 0.0, 0.0, 0.0, 0.0, 0.0, 0.0, 0.0, 0.0, 0.0, 4.235164736271502e-22, 0.0, 0.0, 0.0, 8.470329472543003e-22, 0.0, 0.0, 2.0679515313825692e-25, 1.0587911840678754e-22, -4.235164736271502e-22, 0.0, -2.117582368135751e-22, 0.0, -4.235164736271502e-22, 0.0, 0.0, 0.0, -1.0587911840678754e-22, -2.117582368135751e-22, 0.0, 0.0, -1.3234889800848443e-23, 0.0, 0.0, -2.6469779601696886e-23, 2.117582368135751e-22, 0.0, 0.0, -8.470329472543003e-22, 0.0, 0.0, 0.0, 4.235164736271502e-22, 0.0, -8.470329472543003e-22, 0.0]"
1,"[0.0, -1.6940658945086007e-21, 0.0, 5.421010862427522e-20, 0.0, 0.0, 0.0, 0.0, 0.0, 0.0, 0.0, -2.710505431213761e-20, 0.0, 0.0, 0.0, 6.776263578034403e-21, 0.0, 0.0, 6.776263578034403e-21, -6.776263578034403e-21, 0.0, 0.0, -2.710505431213761e-20, 0.0, 0.0, 0.0, 0.0, 0.0, 0.0, 0.0, 0.0, 0.0, 0.0, 0.0, 0.0, 0.0, 0.0, 0.0, 0.0, 0.0, -3.308722450212111e-24, 0.0, 8.271806125530277e-25, -1.3234889800848443e-23, 0.0, 2.117582368135751e-22, -2.117582368135751e-22, 2.6469779601696886e-23, 0.0, 1.3234889800848443e-23, 0.0, 2.6469779601696886e-23, 0.0, 0.0, 0.0, -1.6543612251060553e-24, -4.235164736271502e-22, 0.0, -1.3234889800848443e-23, 0.0, -2.117582368135751e-22, -2.117582368135751e-22, -4.235164736271502e-22, 4.1359030627651384e-25, 0.0, 2.117582368135751e-22, -8.470329472543003e-22, 5.293955920339377e-23, -5.293955920339377e-23, 2.117582368135751e-22, 0.0, 0.0, 0.0, 6.617444900424222e-24, 3.308722450212111e-24, 0.0, 1.0587911840678754e-22, 2.117582368135751e-22, 4.235164736271502e-22, 0.0]"
2,"[0.0, 0.0, 0.0, 0.0, 0.0, 0.0, 0.0, 0.0, 0.0, 0.0, 0.0, 0.0, 0.0, 0.0, 0.0, 0.0, 0.0, 0.0, 0.0, 0.0, 0.0, 0.0, 0.0, 0.0, 0.0, 0.0, 0.0, 0.0, 0.0, 0.0, 0.0, 0.0, 0.0, 0.0, 0.0, 0.0, 0.0, 0.0, 0.0, 0.0, 0.0, 0.0, -1.0587911840678754e-22, 1.6543612251060553e-24, 0.0, 0.0, 0.0, 4.235164736271502e-22, 0.0, -1.0587911840678754e-22, 0.0, 2.117582368135751e-22, 2.117582368135751e-22, 0.0, 0.0, 0.0, 0.0, -4.235164736271502e-22, 0.0, 0.0, 0.0, -2.117582368135751e-22, 0.0, 8.470329472543003e-22, 6.617444900424222e-24, 0.0, 0.0, 0.0, 0.0, 5.293955920339377e-23, 1.0587911840678754e-22, 8.271806125530277e-25, 0.0, 0.0, 1.0587911840678754e-22, 0.0, 1.0587911840678754e-22, 0.0, -5.293955920339377e-23, 0.0]"
3,"[3.3881317890172014e-21, 0.0, 0.0, 6.776263578034403e-21, 0.0, -1.3552527156068805e-20, 8.470329472543003e-22, 0.0, 4.235164736271502e-22, 0.0, 0.0, -4.235164736271502e-22, -1.6940658945086007e-21, -4.1359030627651384e-25, 8.271806125530277e-25, -3.3881317890172014e-21, -4.235164736271502e-22, 0.0, 0.0, 3.3881317890172014e-21, -1.3552527156068805e-20, -1.3234889800848443e-23, 0.0, 0.0, -1.6940658945086007e-21, 0.0, 0.0, 0.0, -1.6940658945086007e-21, -1.3552527156068805e-20, 0.0, 0.0, 0.0, 0.0, 3.3881317890172014e-21, 3.3881317890172014e-21, 1.0339757656912846e-25, 0.0, 0.0, 1.3552527156068805e-20, 3.308722450212111e-24, 0.0, 0.0, 0.0, 0.0, 5.293955920339377e-23, 0.0, 0.0, 0.0, 0.0, 0.0, 0.0, 0.0, 5.293955920339377e-23, 0.0, 0.0, 2.117582368135751e-22, 0.0, 2.6469779601696886e-23, -4.235164736271502e-22, 2.6469779601696886e-23, 5.293955920339377e-23, -2.6469779601696886e-23, 0.0, 2.6469779601696886e-23, -3.308722450212111e-24, 2.117582368135751e-22, 0.0, 0.0, 0.0, 0.0, 5.293955920339377e-23, 1.3234889800848443e-23, 0.0, 1.0587911840678754e-22, 1.6543612251060553e-24, 0.0, -5.293955920339377e-23, 0.0, 1.3234889800848443e-23]"
4,"[0.0, 0.0, 0.0, -1.6940658945086007e-21, 0.0, 0.0, -1.3552527156068805e-20, 0.0, 0.0, 1.6940658945086007e-21, 0.0, 0.0, -8.470329472543003e-22, 0.0, 0.0, -1.6940658945086007e-21, 8.470329472543003e-22, 6.776263578034403e-21, 0.0, 0.0, 0.0, 8.470329472543003e-22, 0.0, -8.470329472543003e-22, 0.0, 0.0, 0.0, 0.0, 0.0, 0.0, 0.0, -1.3234889800848443e-23, 6.776263578034403e-21, -1.6940658945086007e-21, 1.3234889800848443e-23, 0.0, 0.0, -8.271806125530277e-25, 0.0, 0.0, 0.0, 5.293955920339377e-23, -2.6469779601696886e-23, 1.0587911840678754e-22, -4.235164736271502e-22, 4.235164736271502e-22, 1.0587911840678754e-22, 8.470329472543003e-22, 1.3234889800848443e-23, 5.293955920339377e-23, 0.0, 5.293955920339377e-23, 0.0, 0.0, 0.0, 0.0, 0.0, 0.0, 2.6469779601696886e-23, 0.0, 0.0, 0.0, -8.470329472543003e-22, 6.617444900424222e-24, 0.0, -5.293955920339377e-23, 0.0, 3.308722450212111e-24, -1.0587911840678754e-22, 0.0, 1.6543612251060553e-24, 0.0, 1.6940658945086007e-21, 1.0587911840678754e-22, -1.6543612251060553e-24, 0.0, -2.6469779601696886e-23, 0.0, 0.0, -2.6469779601696886e-23]"
5,"[-2.6469779601696886e-23, -2.117582368135751e-22, 0.0, 8.470329472543003e-22, 0.0, 0.0, 3.308722450212111e-24, 0.0, 0.0, 6.617444900424222e-24, 0.0, 0.0, 0.0, 0.0, 5.293955920339377e-23, 0.0, 0.0, 0.0, 1.6940658945086007e-21, 0.0, 3.3881317890172014e-21, 0.0, 0.0, -5.293955920339377e-23, 0.0, 0.0, 0.0, 6.617444900424222e-24, 0.0, 1.0587911840678754e-22, 0.0, 0.0, 2.6469779601696886e-23, 0.0, 0.0, 0.0, 0.0, 4.235164736271502e-22, 0.0, -8.470329472543003e-22, 0.0, 2.6469779601696886e-23, 1.3234889800848443e-23, 0.0, 1.0587911840678754e-22, 0.0, 0.0, -5.293955920339377e-23, -4.1359030627651384e-25, -4.235164736271502e-22, 0.0, 0.0, -1.2924697071141057e-26, -2.117582368135751e-22, 2.6469779601696886e-23, 0.0, -4.235164736271502e-22, 6.617444900424222e-24, -2.6469779601696886e-23, 0.0, 1.3234889800848443e-23, 0.0, -4.235164736271502e-22, 0.0, 1.6543612251060553e-24, 0.0, 0.0, 0.0, 0.0, 0.0, 5.293955920339377e-23, 8.470329472543003e-22, 5.293955920339377e-23, -5.293955920339377e-23, 0.0, 0.0, 3.308722450212111e-24, 0.0, -6.617444900424222e-24, -1.0587911840678754e-22]"
6,"[0.0, 8.271806125530277e-25, 0.0, 0.0, 0.0, 1.6940658945086007e-21, 0.0, 0.0, 0.0, 1.0587911840678754e-22, 0.0, 0.0, -6.617444900424222e-24, 0.0, -6.776263578034403e-21, 6.776263578034403e-21, 0.0, 0.0, 6.776263578034403e-21, -1.0587911840678754e-22, -4.235164736271502e-22, 0.0, 0.0, 0.0, 0.0, 0.0, 0.0, 0.0, 6.776263578034403e-21, -3.3881317890172014e-21, 0.0, 6.776263578034403e-21, 1.3552527156068805e-20, 0.0, -1.3552527156068805e-20, 0.0, 0.0, 0.0, 0.0, 2.710505431213761e-20, 2.6469779601696886e-23, 0.0, -5.293955920339377e-23, -2.117582368135751e-22, -8.470329472543003e-22, -8.271806125530277e-25, 0.0, 0.0, -1.3234889800848443e-23, -5.293955920339377e-23, 0.0, 0.0, -2.117582368135751e-22, -4.235164736271502e-22, 2.6469779601696886e-23, -5.293955920339377e-23, 0.0, 0.0, -1.3234889800848443e-23, 5.293955920339377e-23, -8.470329472543003e-22, 0.0, 0.0, 4.235164736271502e-22, -5.293955920339377e-23, 0.0, -5.293955920339377e-23, 0.0, 5.169878828456423e-26, 0.0, 0.0, 3.308722450212111e-24, 0.0, 0.0, -6.617444900424222e-24, 0.0, 0.0, 5.293955920339377e-23, -5.293955920339377e-23, 0.0]"
7,"[0.0, 0.0, 8.470329472543003e-22, 2.6469779601696886e-23, 0.0, 5.293955920339377e-23, 0.0, 0.0, -5.293955920339377e-23, 0.0, 0.0, 0.0, 2.710505431213761e-20, 0.0, 0.0, -8.470329472543003e-22, 8.470329472543003e-22, 0.0, 0.0, 6.776263578034403e-21, 0.0, 0.0, 0.0, 0.0, 0.0, 0.0, 0.0, 0.0, 0.0, 0.0, 1.0587911840678754e-22, 0.0, 0.0, 0.0, 0.0, 0.0, 0.0, -3.3881317890172014e-21, 0.0, 2.117582368135751e-22, 1.6543612251060553e-24, -8.271806125530277e-25, 0.0, -2.117582368135751e-22, 0.0, -1.6940658945086007e-21, 1.0587911840678754e-22, 2.6469779601696886e-23, -6.617444900424222e-24, 0.0, 4.235164736271502e-22, 0.0, -5.293955920339377e-23, 3.308722450212111e-24, 2.6469779601696886e-23, -8.271806125530277e-25, 0.0, 0.0, -2.117582368135751e-22, 0.0, 2.117582368135751e-22, -1.6940658945086007e-21, -2.117582368135751e-22, -4.1359030627651384e-25, 0.0, 4.235164736271502e-22, 0.0, 0.0, 0.0, -4.235164736271502e-22, -5.293955920339377e-23, 0.0, 0.0, -1.0587911840678754e-22, 5.293955920339377e-23, 5.293955920339377e-23, 0.0, -8.470329472543003e-22, -5.293955920339377e-23, 0.0]"
8,"[0.0, -3.308722450212111e-24, 0.0, 4.235164736271502e-22, 0.0, 0.0, 0.0, 0.0, 0.0, 0.0, 0.0, 1.0587911840678754e-22, 2.6469779601696886e-23, 0.0, 0.0, 0.0, 0.0, 0.0, 0.0, -1.6940658945086007e-21, 1.0842021724855044e-19, 0.0, 0.0, 0.0, 0.0, 0.0, 0.0, 0.0, 0.0, 1.0587911840678754e-22, 0.0, 0.0, 0.0, -1.3552527156068805e-20, 0.0, -8.470329472543003e-22, 0.0, -6.776263578034403e-21, -1.3234889800848443e-23, 0.0, -2.6469779601696886e-23, 0.0, 0.0, -5.293955920339377e-23, -3.308722450212111e-24, -1.0587911840678754e-22, 0.0, 1.0339757656912846e-25, -3.308722450212111e-24, 2.117582368135751e-22, -3.308722450212111e-24, -4.235164736271502e-22, -5.293955920339377e-23, -2.6469779601696886e-23, 0.0, 0.0, 5.293955920339377e-23, -1.3234889800848443e-23, -5.293955920339377e-23, 5.293955920339377e-23, -5.293955920339377e-23, 0.0, 0.0, 0.0, 4.235164736271502e-22, 0.0, 1.0587911840678754e-22, 1.3234889800848443e-23, 4.1359030627651384e-25, 0.0, 2.6469779601696886e-23, 0.0, -2.117582368135751e-22, 2.117582368135751e-22, 0.0, 0.0, -5.293955920339377e-23, 0.0, 0.0, 0.0]"
9,"[-4.235164736271502e-22, 5.293955920339377e-23, 0.0, 1.6940658945086007e-21, 0.0, -1.6940658945086007e-21, 0.0, 0.0, 0.0, 0.0, 0.0, 0.0, 0.0, 0.0, 0.0, -3.3881317890172014e-21, 0.0, 8.470329472543003e-22, 8.470329472543003e-22, 0.0, 0.0, 0.0, 0.0, 0.0, 0.0, 0.0, 0.0, 0.0, 0.0, -1.6940658945086007e-21, 0.0, -5.293955920339377e-23, 0.0, 0.0, 3.3881317890172014e-21, 0.0, 0.0, -1.0587911840678754e-22, 0.0, 0.0, 0.0, 0.0, 0.0, -4.235164736271502e-22, 0.0, 0.0, 0.0, 0.0, -5.169878828456423e-26, 2.6469779601696886e-23, 0.0, -5.293955920339377e-23, 2.117582368135751e-22, 0.0, -2.6469779601696886e-23, 0.0, 0.0, -2.6469779601696886e-23, 0.0, -2.0679515313825692e-25, 0.0, 0.0, 0.0, 6.617444900424222e-24, -3.308722450212111e-24, 5.293955920339377e-23, -3.308722450212111e-24, -2.117582368135751e-22, 1.6543612251060553e-24, 0.0, -6.617444900424222e-24, -4.235164736271502e-22, 3.2311742677852644e-27, -4.235164736271502e-22, 5.293955920339377e-23, 5.293955920339377e-23, 1.3234889800848443e-23, -1.3234889800848443e-23, 0.0, 0.0]"
10,"[0.0, -2.710505431213761e-20, 0.0, 1.6940658945086007e-21, 3.308722450212111e-24, 0.0, 0.0, 0.0, 0.0, 0.0, 0.0, -1.0587911840678754e-22, 0.0, 0.0, 3.308722450212111e-24, -3.3881317890172014e-21, 0.0, 0.0, 2.6469779601696886e-23, 1.6940658945086007e-21, 5.421010862427522e-20, 5.421010862427522e-20, 8.470329472543003e-22, 0.0, 0.0, 0.0, 0.0, 0.0, 2.117582368135751e-22, -5.293955920339377e-23, -4.235164736271502e-22, 1.3234889800848443e-23, 0.0, 0.0, 0.0, 0.0, 0.0, 0.0, 0.0, 0.0, 0.0, -6.617444900424222e-24, 6.617444900424222e-24, -8.470329472543003e-22, 2.117582368135751e-22, 0.0, -1.3234889800848443e-23, 0.0, 0.0, -6.617444900424222e-24, 6.617444900424222e-24, 1.6543612251060553e-24, 2.117582368135751e-22, 0.0, 0.0, 0.0, 4.235164736271502e-22, 5.293955920339377e-23, 0.0, 0.0, -4.235164736271502e-22, 2.5849394142282115e-26, 0.0, 0.0, 8.470329472543003e-22, 1.0587911840678754e-22, 0.0, 0.0, 0.0, 0.0, -2.117582368135751e-22, 2.6469779601696886e-23, -6.617444900424222e-24, 0.0, 2.6469779601696886e-23, 1.3234889800848443e-23, 0.0, 0.0, 0.0, 0.0]"
11,"[0.0, 1.3234889800848443e-23, 8.470329472543003e-22, 0.0, 0.0, 0.0, 0.0, 0.0, 0.0, 0.0, 0.0, 0.0, 2.6469779601696886e-23, 0.0, 0.0, 0.0, -8.470329472543003e-22, 0.0, -6.776263578034403e-21, 2.6469779601696886e-23, -6.776263578034403e-21, 0.0, 0.0, 0.0, 0.0, 0.0, 0.0, 0.0, 0.0, 0.0, 0.0, 2.6469779601696886e-23, 0.0, 0.0, 0.0, 0.0, 2.117582368135751e-22, 0.0, -4.235164736271502e-22, 0.0, 0.0, 1.262177448353619e-29, 2.6469779601696886e-23, 1.3234889800848443e-23, 0.0, 0.0, 0.0, 0.0, -4.1359030627651384e-25, 0.0, -2.0679515313825692e-25, 0.0, 3.308722450212111e-24, -6.617444900424222e-24, -1.2924697071141057e-26, -2.117582368135751e-22, 1.6543612251060553e-24, 0.0, 3.308722450212111e-24, 1.0587911840678754e-22, 1.3234889800848443e-23, 1.3234889800848443e-23, 0.0, 6.617444900424222e-24, 2.0679515313825692e-25, 0.0, 0.0, 8.271806125530277e-25, -3.308722450212111e-24, -1.3234889800848443e-23, 0.0, 0.0, 8.271806125530277e-25, -6.617444900424222e-24, 2.0679515313825692e-25, 6.617444900424222e-24, 0.0, 0.0, -5.293955920339377e-23, 2.0679515313825692e-25]"
12,"[-6.776263578034403e-21, 0.0, -4.235164736271502e-22, 5.293955920339377e-23, 0.0, 0.0, -5.293955920339377e-23, 0.0, 0.0, 0.0, 0.0, -5.293955920339377e-23, 1.6940658945086007e-21, 0.0, 0.0, 0.0, 0.0, 0.0, 0.0, 4.235164736271502e-22, 0.0, 6.776263578034403e-21, 2.117582368135751e-22, 0.0, 0.0, 0.0, 0.0, 0.0, -5.293955920339377e-23, 0.0, 0.0, -5.293955920339377e-23, 0.0, 1.6940658945086007e-21, 0.0, 0.0, 0.0, 0.0, 0.0, 0.0, 0.0, -5.293955920339377e-23, 0.0, 0.0, -5.293955920339377e-23, 0.0, 2.6469779601696886e-23, 0.0, 0.0, -4.235164736271502e-22, 2.117582368135751e-22, 2.117582368135751e-22, 0.0, 0.0, -6.617444900424222e-24, 0.0, 0.0, 0.0, -2.117582368135751e-22, -1.0587911840678754e-22, 1.3234889800848443e-23, 0.0, 0.0, 0.0, 0.0, 0.0, 0.0, 1.0587911840678754e-22, -1.0587911840678754e-22, -1.6543612251060553e-24, 0.0, 4.235164736271502e-22, 2.6469779601696886e-23, 0.0, 0.0, -2.117582368135751e-22, 2.117582368135751e-22, -6.617444900424222e-24, 2.6469779601696886e-23, 0.0]"
13,"[6.617444900424222e-24, 0.0, 0.0, -3.3881317890172014e-21, 0.0, 0.0, 2.117582368135751e-22, 0.0, 0.0, 3.3881317890172014e-21, 0.0, 6.617444900424222e-24, -8.470329472543003e-22, 0.0, -2.6469779601696886e-23, 5.293955920339377e-23, -2.0679515313825692e-25, 1.3234889800848443e-23, 0.0, -1.0587911840678754e-22, 8.470329472543003e-22, 0.0, 0.0, 8.470329472543003e-22, 0.0, 0.0, 0.0, 0.0, 8.470329472543003e-22, 0.0, -8.470329472543003e-22, 0.0, 2.117582368135751e-22, 0.0, 4.235164736271502e-22, 1.0587911840678754e-22, -8.470329472543003e-22, 0.0, 0.0, 1.3234889800848443e-23, 5.293955920339377e-23, 4.1359030627651384e-25, -6.462348535570529e-27, -2.6469779601696886e-23, 0.0, 0.0, -3.308722450212111e-24, 0.0, 0.0, 8.271806125530277e-25, 0.0, 0.0, 0.0, -6.617444900424222e-24, -2.6469779601696886e-23, 0.0, 0.0, 0.0, 1.0587911840678754e-22, 0.0, 0.0, 0.0, -5.293955920339377e-23, 1.3234889800848443e-23, 2.6469779601696886e-23, -6.617444900424222e-24, 0.0, 0.0, -4.235164736271502e-22, -2.6469779601696886e-23, -1.0587911840678754e-22, 0.0, 0.0, 0.0, 0.0, 1.3234889800848443e-23, 0.0, 1.0339757656912846e-25, -2.6469779601696886e-23, 0.0]"
14,"[0.0, -6.617444900424222e-24, 0.0, -2.710505431213761e-20, 0.0, 0.0, 0.0, 0.0, 0.0, 0.0, 0.0, -1.0587911840678754e-22, -4.235164736271502e-22, 0.0, 0.0, 0.0, 6.776263578034403e-21, 1.0587911840678754e-22, 0.0, 0.0, 0.0, 1.6940658945086007e-21, 0.0, 0.0, 0.0, 0.0, 0.0, 0.0, 1.0097419586828951e-28, 0.0, 0.0, 0.0, -2.117582368135751e-22, 0.0, 0.0, -5.293955920339377e-23, 0.0, 1.0587911840678754e-22, 1.6940658945086007e-21, 0.0, 0.0, 0.0, 0.0, 1.0339757656912846e-25, 0.0, 1.3234889800848443e-23, 2.5849394142282115e-26, -2.117582368135751e-22, 0.0, -5.169878828456423e-26, 0.0, 2.5849394142282115e-26, 0.0, 8.271806125530277e-25, 1.3234889800848443e-23, 3.308722450212111e-24, -5.293955920339377e-23, 1.6543612251060553e-24, -1.6543612251060553e-24, 0.0, -1.6543612251060553e-24, -1.2924697071141057e-26, 4.1359030627651384e-25, 0.0, 1.0339757656912846e-25, 0.0, 0.0, -1.6543612251060553e-24, 0.0, 2.117582368135751e-22, 0.0, 0.0, -3.308722450212111e-24, -1.6155871338926322e-27, 1.3234889800848443e-23, -1.0587911840678754e-22, 0.0, -6.617444900424222e-24, 8.271806125530277e-25, -2.6469779601696886e-23]"
15,"[0.0, 0.0, 1.3234889800848443e-23, 5.293955920339377e-23, 0.0, 0.0, 0.0, 0.0, 0.0, 0.0, 0.0, 0.0, 0.0, 0.0, 8.470329472543003e-22, 0.0, 0.0, 0.0, 2.117582368135751e-22, 3.3881317890172014e-21, 5.293955920339377e-23, 0.0, 0.0, 0.0, 0.0, 0.0, 0.0, -6.617444900424222e-24, 0.0, 0.0, 0.0, 0.0, 0.0, 3.3881317890172014e-21, 0.0, 0.0, 0.0, 1.6940658945086007e-21, 0.0, 0.0, 0.0, 0.0, 0.0, 1.0587911840678754e-22, 0.0, 1.0587911840678754e-22, -3.3881317890172014e-21, 0.0, 0.0, 0.0, 0.0, -1.0339757656912846e-25, 4.235164736271502e-22, 0.0, -1.0587911840678754e-22, 1.0587911840678754e-22, -2.6469779601696886e-23, -5.293955920339377e-23, -5.293955920339377e-23, 0.0, 0.0, 0.0, 2.6469779601696886e-23, 1.0587911840678754e-22, 0.0, 2.117582368135751e-22, -5.293955920339377e-23, 0.0, 0.0, 1.0587911840678754e-22, -2.117582368135751e-22, 5.293955920339377e-23, 0.0, 4.235164736271502e-22, -2.117582368135751e-22, 8.470329472543003e-22, -2.6469779601696886e-23, 0.0, -2.6469779601696886e-23, -8.470329472543003e-22]"
16,"[0.0, 0.0, 0.0, 0.0, 0.0, 0.0, 0.0, 0.0, 2.0679515313825692e-25, 0.0, 0.0, 0.0, 0.0, 0.0, 0.0, 0.0, -3.3881317890172014e-21, 6.776263578034403e-21, 4.235164736271502e-22, 0.0, 0.0, 0.0, 0.0, 0.0, 0.0, 0.0, 0.0, 0.0, -1.6940658945086007e-21, 0.0, 0.0, 0.0, 0.0, 0.0, -1.6940658945086007e-21, 0.0, 0.0, 0.0, 0.0, 0.0, 2.6469779601696886e-23, -1.0587911840678754e-22, 0.0, 0.0, -6.617444900424222e-24, -4.235164736271502e-22, -8.470329472543003e-22, 0.0, 0.0, 0.0, 5.293955920339377e-23, 2.117582368135751e-22, 0.0, 1.3234889800848443e-23, 1.3234889800848443e-23, 0.0, 0.0, 0.0, 0.0, -2.6469779601696886e-23, 2.117582368135751e-22, 1.6543612251060553e-24, 0.0, -5.293955920339377e-23, -5.293955920339377e-23, 0.0, -3.308722450212111e-24, -1.3234889800848443e-23, 0.0, -5.293955920339377e-23, 1.3234889800848443e-23, 0.0, 0.0, 0.0, 4.1359030627651384e-25, 0.0, -1.0587911840678754e-22, 1.0587911840678754e-22, 8.470329472543003e-22, -2.117582368135751e-22]"
17,"[0.0, 0.0, -1.0842021724855044e-19, 0.0, 3.3881317890172014e-21, 0.0, -1.6940658945086007e-21, 0.0, 6.776263578034403e-21, 0.0, 0.0, 0.0, 0.0, 0.0, -5.421010862427522e-20, -2.710505431213761e-20, 0.0, 0.0, -1.0587911840678754e-22, -2.710505431213761e-20, 0.0, 0.0, 0.0, -1.6940658945086007e-21, 0.0, 0.0, 0.0, 0.0, 0.0, 0.0, -6.776263578034403e-21, -2.710505431213761e-20, 0.0, 0.0, 0.0, 3.308722450212111e-24, -2.117582368135751e-22, 0.0, 0.0, 1.6940658945086007e-21, 0.0, 0.0, 0.0, 3.308722450212111e-24, -8.470329472543003e-22, 0.0, 0.0, -8.470329472543003e-22, 0.0, -1.3234889800848443e-23, -5.293955920339377e-23, 0.0, 0.0, 6.617444900424222e-24, 5.293955920339377e-23, 0.0, -2.6469779601696886e-23, 0.0, 0.0, 2.117582368135751e-22, -4.235164736271502e-22, 8.470329472543003e-22, 1.3234889800848443e-23, 2.117582368135751e-22, 0.0, -6.462348535570529e-27, -3.308722450212111e-24, 5.293955920339377e-23, 5.293955920339377e-23, -2.6469779601696886e-23, 0.0, -4.235164736271502e-22, -2.117582368135751e-22, 6.617444900424222e-24, -4.235164736271502e-22, -8.470329472543003e-22, 5.293955920339377e-23, -1.6543612251060553e-24, 0.0, 0.0]"
18,"[0.0, 0.0, 0.0, 5.421010862427522e-20, 0.0, -4.1359030627651384e-25, -8.470329472543003e-22, 0.0, 0.0, 0.0, 0.0, -4.235164736271502e-22, 0.0, 0.0, -6.776263578034403e-21, 0.0, 0.0, -4.235164736271502e-22, 0.0, 0.0, 0.0, -5.421010862427522e-20, -3.3881317890172014e-21, 0.0, 0.0, 0.0, 0.0, 0.0, 1.6940658945086007e-21, 0.0, 0.0, 6.776263578034403e-21, -4.235164736271502e-22, 0.0, -1.3234889800848443e-23, 0.0, 0.0, 0.0, -4.1359030627651384e-25, 0.0, 4.235164736271502e-22, 0.0, 5.293955920339377e-23, 0.0, 6.617444900424222e-24, 8.271806125530277e-25, 0.0, -5.293955920339377e-23, -2.117582368135751e-22, 0.0, 1.0587911840678754e-22, 0.0, 1.3234889800848443e-23, 5.293955920339377e-23, 1.6940658945086007e-21, 0.0, -5.293955920339377e-23, 0.0, 0.0, 3.308722450212111e-24, 1.0587911840678754e-22, 0.0, 0.0, 0.0, 0.0, 0.0, 2.117582368135751e-22, 0.0, 0.0, -6.617444900424222e-24, 1.3234889800848443e-23, 0.0, 0.0, 0.0, 0.0, -2.117582368135751e-22, 0.0, 0.0, -8.470329472543003e-22, 0.0]"
19,"[0.0, -1.0842021724855044e-19, 0.0, 0.0, 0.0, 0.0, 0.0, 0.0, 0.0, 0.0, 0.0, 0.0, 0.0, 0.0, -2.6469779601696886e-23, -3.3881317890172014e-21, 0.0, 0.0, 0.0, 0.0, 0.0, 0.0, 0.0, 8.470329472543003e-22, 0.0, -2.6469779601696886e-23, 0.0, -2.710505431213761e-20, 0.0, 0.0, 0.0, 0.0, 0.0, 0.0, 0.0, 0.0, 0.0, 0.0, 0.0, 0.0, -3.308722450212111e-24, -1.2924697071141057e-26, 0.0, 0.0, -1.3234889800848443e-23, 0.0, 0.0, -4.235164736271502e-22, 4.1359030627651384e-25, 0.0, 0.0, 0.0, -4.1359030627651384e-25, 0.0, 0.0, 0.0, -3.308722450212111e-24, 0.0, 1.6543612251060553e-24, 0.0, 2.6469779601696886e-23, -1.6543612251060553e-24, 0.0, 3.308722450212111e-24, 8.271806125530277e-25, -5.293955920339377e-23, 0.0, 0.0, -1.0339757656912846e-25, 3.308722450212111e-24, -6.617444900424222e-24, -1.0587911840678754e-22, 0.0, 0.0, 0.0, 1.0339757656912846e-25, 6.617444900424222e-24, -2.0679515313825692e-25, 1.3234889800848443e-23, 6.617444900424222e-24]"
20,"[0.0, 8.470329472543003e-22, 3.308722450212111e-24, 4.235164736271502e-22, 0.0, 0.0, 0.0, 0.0, 0.0, 0.0, 0.0, 4.235164736271502e-22, -8.470329472543003e-22, 0.0, 4.1359030627651384e-25, 0.0, 0.0, 0.0, 0.0, 6.776263578034403e-21, -3.3881317890172014e-21, 4.235164736271502e-22, 0.0, 0.0, 0.0, 0.0, 0.0, 0.0, 1.0587911840678754e-22, -2.6469779601696886e-23, -8.470329472543003e-22, 0.0, 0.0, 0.0, 0.0, 0.0, 2.168404344971009e-19, 0.0, 0.0, -1.3234889800848443e-23, -1.3234889800848443e-23, 1.3234889800848443e-23, 0.0, -3.308722450212111e-24, -1.3234889800848443e-23, 0.0, 0.0, -1.0339757656912846e-25, 0.0, -2.0679515313825692e-25, 0.0, 0.0, 0.0, -6.617444900424222e-24, 2.6469779601696886e-23, 0.0, -2.117582368135751e-22, 2.6469779601696886e-23, 0.0, 0.0, -6.617444900424222e-24, -1.3234889800848443e-23, 4.235164736271502e-22, 0.0, 0.0, 0.0, 0.0, -1.0339757656912846e-25, 0.0, 0.0, 0.0, 1.3234889800848443e-23, 0.0, -1.6155871338926322e-27, 3.308722450212111e-24, 2.5849394142282115e-26, 2.6469779601696886e-23, 0.0, 0.0, 5.293955920339377e-23]"
21,"[0.0, 0.0, 0.0, 6.776263578034403e-21, 0.0, 0.0, 0.0, 0.0, 0.0, 0.0, 0.0, 0.0, 0.0, 0.0, 0.0, 0.0, 3.3881317890172014e-21, 0.0, 1.6940658945086007e-21, 0.0, 2.710505431213761e-20, 6.776263578034403e-21, 0.0, 0.0, 0.0, 0.0, 0.0, 0.0, 0.0, 0.0, 0.0, 0.0, -1.6940658945086007e-21, 0.0, 0.0, 0.0, 0.0, 0.0, 0.0, -6.776263578034403e-21, -6.617444900424222e-24, 0.0, -1.6543612251060553e-24, 0.0, 0.0, -5.293955920339377e-23, 4.235164736271502e-22, 0.0, -2.117582368135751e-22, 0.0, 8.470329472543003e-22, 2.6469779601696886e-23, 0.0, 0.0, 0.0, -2.6469779601696886e-23, 0.0, -5.169878828456423e-26, 6.617444900424222e-24, 0.0, -2.117582368135751e-22, 0.0, -2.117582368135751e-22, 0.0, 0.0, 0.0, 0.0, 4.1359030627651384e-25, 0.0, -1.0587911840678754e-22, 0.0, 0.0, -3.308722450212111e-24, 0.0, 0.0, -1.0587911840678754e-22, 4.235164736271502e-22, 0.0, -1.0587911840678754e-22, 5.169878828456423e-26]"
22,"[0.0, 0.0, 0.0, 0.0, 0.0, 0.0, 0.0, 0.0, 0.0, 0.0, 0.0, 0.0, 0.0, 0.0, 0.0, 0.0, 0.0, 0.0, 0.0, 0.0, 0.0, 0.0, 0.0, 0.0, 0.0, 0.0, 0.0, 0.0, 0.0, 0.0, 0.0, 0.0, 0.0, 0.0, 0.0, 0.0, 0.0, 0.0, 0.0, 0.0, 0.0, 1.3234889800848443e-23, 4.235164736271502e-22, 0.0, 0.0, 1.6940658945086007e-21, 0.0, 1.6940658945086007e-21, -5.293955920339377e-23, 5.293955920339377e-23, 2.117582368135751e-22, -2.117582368135751e-22, 2.117582368135751e-22, 0.0, 1.0587911840678754e-22, 0.0, 0.0, 0.0, -2.117582368135751e-22, 1.0587911840678754e-22, 1.0587911840678754e-22, -3.308722450212111e-24, 1.6543612251060553e-24, -2.117582368135751e-22, -1.6940658945086007e-21, 0.0, 0.0, 1.3234889800848443e-23, 0.0, 0.0, 0.0, -5.293955920339377e-23, 0.0, -8.470329472543003e-22, 0.0, 0.0, 0.0, 5.293955920339377e-23, 0.0, -5.293955920339377e-23]"
23,"[0.0, -6.776263578034403e-21, -1.0587911840678754e-22, -3.3881317890172014e-21, 4.235164736271502e-22, 1.6940658945086007e-21, 0.0, 0.0, 0.0, 0.0, 3.3881317890172014e-21, 0.0, 0.0, 0.0, 0.0, 0.0, 0.0, 0.0, 1.6940658945086007e-21, -8.470329472543003e-22, 0.0, -3.3881317890172014e-21, 0.0, 2.6469779601696886e-23, 0.0, 0.0, 0.0, 0.0, 0.0, 0.0, 0.0, 0.0, -1.0587911840678754e-22, 0.0, 0.0, 0.0, -1.3234889800848443e-23, -8.470329472543003e-22, 0.0, 0.0, 1.6543612251060553e-24, -1.6543612251060553e-24, 2.117582368135751e-22, 0.0, 0.0, 0.0, 0.0, 2.6469779601696886e-23, 1.0587911840678754e-22, 3.308722450212111e-24, 2.117582368135751e-22, 5.293955920339377e-23, 0.0, -3.308722450212111e-24, 0.0, -4.235164736271502e-22, 1.0587911840678754e-22, -1.3234889800848443e-23, -1.3234889800848443e-23, -2.5849394142282115e-26, 1.6155871338926322e-27, -2.6469779601696886e-23, -5.293955920339377e-23, 0.0, 2.6469779601696886e-23, -1.6543612251060553e-24, 0.0, 6.617444900424222e-24, 8.271806125530277e-25, 0.0, 3.308722450212111e-24, 0.0, 1.0339757656912846e-25, -4.235164736271502e-22, 4.1359030627651384e-25, 6.617444900424222e-24, 0.0, 0.0, -1.6543612251060553e-24, 0.0]"
24,"[0.0, 0.0, 0.0, 0.0, 0.0, 0.0, 0.0, 0.0, 0.0, 0.0, 0.0, 0.0, 0.0, 0.0, 0.0, 0.0, 0.0, 0.0, 2.117582368135751e-22, 0.0, 0.0, 0.0, 0.0, 0.0, 0.0, 0.0, 0.0, 0.0, 0.0, 0.0, -1.3234889800848443e-23, 0.0, 0.0, 0.0, 0.0, 0.0, 0.0, 0.0, 0.0, 0.0, -2.6469779601696886e-23, 4.1359030627651384e-25, 0.0, -1.0587911840678754e-22, 0.0, -4.235164736271502e-22, -4.235164736271502e-22, -6.617444900424222e-24, 0.0, -3.308722450212111e-24, 1.3234889800848443e-23, 2.117582368135751e-22, -4.235164736271502e-22, 0.0, 0.0, 0.0, 0.0, 0.0, -2.117582368135751e-22, -1.0587911840678754e-22, 0.0, -6.617444900424222e-24, -4.235164736271502e-22, -2.6469779601696886e-23, 2.117582368135751e-22, 0.0, 2.117582368135751e-22, 0.0, 8.271806125530277e-25, 0.0, -5.293955920339377e-23, 1.0587911840678754e-22, 0.0, 2.117582368135751e-22, 0.0, 0.0, 8.470329472543003e-22, 0.0, 8.271806125530277e-25, -2.117582368135751e-22]"
25,"[5.421010862427522e-20, 2.710505431213761e-20, 0.0, -6.776263578034403e-21, 0.0, 5.293955920339377e-23, 1.0842021724855044e-19, 0.0, 0.0, 1.6940658945086007e-21, 0.0, 3.308722450212111e-24, 8.470329472543003e-22, 0.0, 0.0, 0.0, 3.3881317890172014e-21, 5.293955920339377e-23, 0.0, 0.0, -8.470329472543003e-22, -4.235164736271502e-22, 0.0, 0.0, 0.0, 0.0, 0.0, 0.0, 0.0, 3.308722450212111e-24, 0.0, 4.235164736271502e-22, 5.421010862427522e-20, 0.0, 5.421010862427522e-20, 0.0, 0.0, 0.0, 2.6469779601696886e-23, 0.0, 0.0, 3.308722450212111e-24, 0.0, 0.0, 4.235164736271502e-22, 1.0339757656912846e-25, 0.0, 0.0, -1.0587911840678754e-22, 0.0, 5.293955920339377e-23, -2.117582368135751e-22, 0.0, 0.0, -2.6469779601696886e-23, 0.0, 1.3234889800848443e-23, -1.0587911840678754e-22, 3.308722450212111e-24, 0.0, 0.0, -1.3234889800848443e-23, 0.0, 0.0, -5.293955920339377e-23, -1.3234889800848443e-23, -2.0679515313825692e-25, 2.117582368135751e-22, 0.0, 0.0, 0.0, 0.0, -2.6469779601696886e-23, 1.3234889800848443e-23, -1.0587911840678754e-22, -8.470329472543003e-22, -2.6469779601696886e-23, -1.0587911840678754e-22, -1.3234889800848443e-23, 0.0]"
26,"[0.0, 2.6469779601696886e-23, 5.293955920339377e-23, 0.0, 0.0, 0.0, -1.6940658945086007e-21, 0.0, 0.0, 0.0, 0.0, 0.0, 4.235164736271502e-22, 0.0, 0.0, 0.0, 0.0, 0.0, 6.776263578034403e-21, 0.0, 0.0, 0.0, 0.0, 0.0, 0.0, 0.0, 0.0, 0.0, 0.0, -4.235164736271502e-22, 2.117582368135751e-22, 0.0, -6.776263578034403e-21, 0.0, 1.6940658945086007e-21, 0.0, 0.0, 0.0, 0.0, 0.0, -2.117582368135751e-22, 0.0, 0.0, 0.0, 2.117582368135751e-22, 5.293955920339377e-23, 5.293955920339377e-23, 0.0, 0.0, 0.0, 0.0, 0.0, 5.293955920339377e-23, 0.0, -5.293955920339377e-23, 2.117582368135751e-22, 0.0, -5.293955920339377e-23, 0.0, 0.0, 4.235164736271502e-22, 2.0679515313825692e-25, 6.617444900424222e-24, 0.0, -6.617444900424222e-24, 2.6469779601696886e-23, 4.235164736271502e-22, 1.0587911840678754e-22, 4.235164736271502e-22, 1.0587911840678754e-22, -6.617444900424222e-24, 0.0, 2.6469779601696886e-23, 1.6940658945086007e-21, -1.0587911840678754e-22, 5.293955920339377e-23, -1.0587911840678754e-22, 1.0587911840678754e-22, 1.0587911840678754e-22, 8.271806125530277e-25]"
27,"[0.0, 0.0, 0.0, 0.0, 0.0, 0.0, 0.0, 0.0, 0.0, 0.0, 0.0, 0.0, 8.470329472543003e-22, 0.0, 0.0, -4.235164736271502e-22, 1.0587911840678754e-22, 0.0, -4.235164736271502e-22, 0.0, 1.6940658945086007e-21, 4.235164736271502e-22, 0.0, 0.0, 1.6940658945086007e-21, 0.0, 0.0, 0.0, 0.0, 0.0, 0.0, 0.0, 0.0, 8.470329472543003e-22, 0.0, 0.0, 0.0, 0.0, 0.0, 6.617444900424222e-24, 3.308722450212111e-24, 0.0, 0.0, 4.1359030627651384e-25, 0.0, -4.235164736271502e-22, -3.308722450212111e-24, 0.0, 4.1359030627651384e-25, 2.6469779601696886e-23, -3.308722450212111e-24, 0.0, -8.271806125530277e-25, -1.3234889800848443e-23, 0.0, 0.0, 0.0, -4.235164736271502e-22, 0.0, 1.0587911840678754e-22, -2.117582368135751e-22, 0.0, 0.0, 1.0587911840678754e-22, 1.0587911840678754e-22, 1.3234889800848443e-23, -3.308722450212111e-24, 0.0, 0.0, 0.0, -1.6543612251060553e-24, 8.470329472543003e-22, 0.0, -5.293955920339377e-23, 2.117582368135751e-22, 0.0, 0.0, 0.0, 0.0, 0.0]"
28,"[0.0, 0.0, 0.0, 0.0, 0.0, 0.0, 0.0, 0.0, 0.0, 0.0, 0.0, 0.0, 0.0, 0.0, 0.0, 0.0, 0.0, 0.0, 0.0, 0.0, 0.0, 0.0, 0.0, 0.0, 0.0, 0.0, 0.0, 0.0, 0.0, 0.0, 0.0, 0.0, 0.0, 0.0, 0.0, 0.0, 0.0, 0.0, 0.0, 0.0, 0.0, -1.0587911840678754e-22, 4.235164736271502e-22, -3.308722450212111e-24, 0.0, 1.6543612251060553e-24, -1.0587911840678754e-22, -5.293955920339377e-23, -2.6469779601696886e-23, 1.3234889800848443e-23, -2.117582368135751e-22, -2.117582368135751e-22, 0.0, -8.470329472543003e-22, 4.235164736271502e-22, 0.0, 0.0, 0.0, -4.1359030627651384e-25, 0.0, -2.117582368135751e-22, 0.0, 4.235164736271502e-22, 3.308722450212111e-24, 0.0, 6.617444900424222e-24, 0.0, 2.117582368135751e-22, 2.117582368135751e-22, -5.293955920339377e-23, 5.293955920339377e-23, 0.0, 0.0, 0.0, -2.117582368135751e-22, 0.0, 0.0, -1.0587911840678754e-22, 1.0587911840678754e-22, 0.0]"
29,"[4.235164736271502e-22, 6.776263578034403e-21, 8.470329472543003e-22, -5.293955920339377e-23, 0.0, -4.235164736271502e-22, 0.0, 0.0, -3.3881317890172014e-21, 0.0, 0.0, 0.0, -4.235164736271502e-22, 0.0, -8.470329472543003e-22, 0.0, -5.293955920339377e-23, 0.0, -2.710505431213761e-20, 1.0587911840678754e-22, 0.0, 0.0, 0.0, 0.0, 0.0, 0.0, 0.0, 0.0, 0.0, -2.6469779601696886e-23, -1.0842021724855044e-19, -1.6940658945086007e-21, 0.0, 0.0, -4.235164736271502e-22, 0.0, 0.0, -8.470329472543003e-22, -8.470329472543003e-22, 0.0, 0.0, 0.0, 0.0, 0.0, 2.6469779601696886e-23, -2.117582368135751e-22, -5.293955920339377e-23, 0.0, 0.0, 0.0, 0.0, -2.117582368135751e-22, 2.117582368135751e-22, -8.470329472543003e-22, 1.6543612251060553e-24, 3.308722450212111e-24, 0.0, -4.235164736271502e-22, 1.3234889800848443e-23, 0.0, 3.308722450212111e-24, 0.0, 5.293955920339377e-23, 0.0, -1.0587911840678754e-22, 2.117582368135751e-22, -4.235164736271502e-22, -1.0587911840678754e-22, 6.617444900424222e-24, 0.0, 6.617444900424222e-24, -2.0679515313825692e-25, -6.617444900424222e-24, 0.0, 2.6469779601696886e-23, -1.3234889800848443e-23, -2.6469779601696886e-23, 0.0, 0.0, -2.6469779601696886e-23]"
30,"[0.0, 0.0, 0.0, 0.0, 0.0, 0.0, 0.0, 0.0, 0.0, 0.0, 0.0, 0.0, 0.0, 0.0, 0.0, 0.0, 0.0, 0.0, 0.0, 0.0, 0.0, 0.0, 0.0, 0.0, 0.0, 0.0, 0.0, 0.0, 0.0, 0.0, 0.0, 0.0, 0.0, 0.0, 0.0, 0.0, 0.0, 0.0, 0.0, 0.0, 0.0, 0.0, -6.617444900424222e-24, 0.0, 0.0, 0.0, 0.0, 0.0, 0.0, -1.0587911840678754e-22, 0.0, 5.169878828456423e-26, 2.117582368135751e-22, -2.6469779601696886e-23, -1.3234889800848443e-23, 0.0, 8.271806125530277e-25, 4.235164736271502e-22, -3.3881317890172014e-21, 0.0, 2.6469779601696886e-23, 0.0, 0.0, 5.293955920339377e-23, 0.0, 1.3234889800848443e-23, 0.0, 0.0, -1.3234889800848443e-23, 5.293955920339377e-23, -2.6469779601696886e-23, 0.0, -4.235164736271502e-22, 0.0, -1.0587911840678754e-22, 0.0, 2.0679515313825692e-25, 0.0, 0.0, 0.0]"
31,"[0.0, 0.0, 0.0, 0.0, 0.0, 0.0, 0.0, 0.0, 0.0, 0.0, 0.0, 0.0, 0.0, 0.0, 0.0, 0.0, 0.0, 0.0, 0.0, 0.0, 0.0, 0.0, 0.0, 0.0, 0.0, 0.0, 0.0, 0.0, 0.0, 0.0, 0.0, 0.0, 0.0, 0.0, 0.0, 0.0, 0.0, 0.0, 0.0, 0.0, 5.169878828456423e-26, 0.0, 4.1359030627651384e-25, 6.617444900424222e-24, 0.0, 0.0, 0.0, -1.6543612251060553e-24, 0.0, 0.0, -6.617444900424222e-24, -3.308722450212111e-24, -1.0587911840678754e-22, 0.0, 3.308722450212111e-24, -8.271806125530277e-25, 0.0, -3.308722450212111e-24, -3.308722450212111e-24, 1.0587911840678754e-22, 1.6543612251060553e-24, 0.0, 1.3234889800848443e-23, 1.6543612251060553e-24, 1.2924697071141057e-26, 0.0, -6.617444900424222e-24, 4.235164736271502e-22, 1.6543612251060553e-24, 0.0, -2.6469779601696886e-23, 0.0, 8.271806125530277e-25, -8.271806125530277e-25, 2.5849394142282115e-26, -6.617444900424222e-24, 0.0, 6.617444900424222e-24, 2.5849394142282115e-26, 0.0]"
32,"[0.0, 1.0842021724855044e-19, 0.0, 0.0, 0.0, 0.0, 0.0, 0.0, 0.0, 0.0, 0.0, 0.0, 0.0, 0.0, 0.0, 0.0, 0.0, 0.0, 0.0, 0.0, -6.776263578034403e-21, -1.3234889800848443e-23, 0.0, 0.0, 0.0, 0.0, 0.0, 0.0, 0.0, 4.235164736271502e-22, 0.0, 0.0, 0.0, 0.0, 0.0, 0.0, 0.0, 0.0, 0.0, 0.0, 0.0, -2.117582368135751e-22, 2.117582368135751e-22, -2.6469779601696886e-23, -2.117582368135751e-22, 0.0, 0.0, -8.470329472543003e-22, 0.0, -5.293955920339377e-23, 0.0, -2.117582368135751e-22, 8.470329472543003e-22, -5.293955920339377e-23, -4.235164736271502e-22, 2.6469779601696886e-23, 0.0, 0.0, 0.0, -5.293955920339377e-23, 1.3234889800848443e-23, 2.117582368135751e-22, 0.0, 0.0, 2.6469779601696886e-23, 0.0, 8.470329472543003e-22, 0.0, 1.0587911840678754e-22, 0.0, -5.293955920339377e-23, 0.0, 0.0, 0.0, 3.308722450212111e-24, 0.0, 2.117582368135751e-22, -2.0679515313825692e-25, 0.0, -6.617444900424222e-24]"
33,"[0.0, -6.776263578034403e-21, 0.0, 5.421010862427522e-20, 0.0, 0.0, -1.3552527156068805e-20, 0.0, 0.0, 1.6940658945086007e-21, 0.0, 0.0, 8.470329472543003e-22, 0.0, 6.776263578034403e-21, 0.0, -6.776263578034403e-21, -6.776263578034403e-21, 6.617444900424222e-24, 0.0, 0.0, 0.0, 0.0, 2.117582368135751e-22, 0.0, 0.0, 0.0, 0.0, 0.0, 8.470329472543003e-22, 0.0, 8.271806125530277e-25, -2.710505431213761e-20, 1.3552527156068805e-20, 0.0, 0.0, 0.0, 0.0, 0.0, 3.3881317890172014e-21, 1.0587911840678754e-22, -1.0587911840678754e-22, 0.0, -1.0339757656912846e-25, 0.0, -2.117582368135751e-22, -1.0339757656912846e-25, 0.0, -4.235164736271502e-22, 0.0, -2.117582368135751e-22, 2.117582368135751e-22, 0.0, 1.3234889800848443e-23, 0.0, -1.0587911840678754e-22, -5.293955920339377e-23, 0.0, 1.6543612251060553e-24, 0.0, 0.0, 0.0, 0.0, 0.0, 1.6543612251060553e-24, -2.6469779601696886e-23, 0.0, 0.0, 0.0, -4.235164736271502e-22, 0.0, -1.0587911840678754e-22, 4.235164736271502e-22, -2.117582368135751e-22, 0.0, -5.169878828456423e-26, 0.0, -2.117582368135751e-22, 2.6469779601696886e-23, 1.0587911840678754e-22]"
34,"[0.0, 0.0, 0.0, 0.0, 0.0, 0.0, 0.0, 0.0, 0.0, 0.0, 0.0, 0.0, 0.0, 0.0, 0.0, 0.0, 0.0, 0.0, 0.0, 0.0, 0.0, 0.0, 0.0, 0.0, 0.0, 0.0, 0.0, 0.0, 0.0, 0.0, 0.0, 0.0, 0.0, 0.0, 0.0, 0.0, 0.0, 0.0, 0.0, 0.0, 2.117582368135751e-22, -2.6469779601696886e-23, 0.0, 0.0, 0.0, 2.5849394142282115e-26, -6.617444900424222e-24, 1.6543612251060553e-24, 0.0, -5.293955920339377e-23, 0.0, 0.0, -1.3234889800848443e-23, -1.3234889800848443e-23, -4.1359030627651384e-25, 0.0, 3.308722450212111e-24, 0.0, 3.308722450212111e-24, 0.0, 8.271806125530277e-25, 0.0, -8.271806125530277e-25, 0.0, -2.0679515313825692e-25, 1.3234889800848443e-23, 0.0, 0.0, 0.0, 0.0, 0.0, 5.293955920339377e-23, -6.617444900424222e-24, 6.617444900424222e-24, -4.235164736271502e-22, 0.0, -1.0587911840678754e-22, 0.0, 4.1359030627651384e-25, 0.0]"
35,"[0.0, 1.0339757656912846e-25, 0.0, 0.0, 0.0, -2.0679515313825692e-25, 0.0, 0.0, 0.0, 0.0, 0.0, 0.0, -2.6469779601696886e-23, 0.0, 0.0, 0.0, 0.0, 0.0, 0.0, 1.3234889800848443e-23, -5.293955920339377e-23, -5.293955920339377e-23, 0.0, 0.0, 0.0, 0.0, 0.0, 0.0, 0.0, 0.0, 0.0, 0.0, 0.0, 0.0, 0.0, -1.0339757656912846e-25, 0.0, 0.0, 0.0, 0.0, -6.617444900424222e-24, 0.0, -2.5849394142282115e-26, 2.6469779601696886e-23, 0.0, 0.0, 0.0, 1.6543612251060553e-24, 4.1359030627651384e-25, 0.0, 0.0, -1.6543612251060553e-24, -6.617444900424222e-24, 8.271806125530277e-25, 0.0, -2.6469779601696886e-23, 0.0, -8.271806125530277e-25, 0.0, 1.3234889800848443e-23, 5.293955920339377e-23, 0.0, 0.0, 0.0, -4.1359030627651384e-25, -5.169878828456423e-26, 0.0, -6.617444900424222e-24, 0.0, 4.0389678347315804e-28, -3.308722450212111e-24, 0.0, -1.0587911840678754e-22, 4.1359030627651384e-25, -1.6155871338926322e-27, 0.0, -5.293955920339377e-23, -1.6543612251060553e-24, 0.0, -3.308722450212111e-24]"
36,"[0.0, -4.1359030627651384e-25, 0.0, 5.293955920339377e-23, 0.0, 0.0, 0.0, 0.0, 0.0, 0.0, 0.0, 0.0, -8.470329472543003e-22, 0.0, 0.0, 0.0, 0.0, 0.0, 1.6940658945086007e-21, 0.0, -1.6940658945086007e-21, 0.0, 0.0, 0.0, 0.0, 0.0, 0.0, 0.0, 0.0, 0.0, 0.0, 0.0, -3.308722450212111e-24, 0.0, 0.0, -1.2924697071141057e-26, -1.6543612251060553e-24, 0.0, 0.0, 0.0, 4.1359030627651384e-25, -3.1554436208840472e-30, -4.1359030627651384e-25, -2.6469779601696886e-23, 1.3234889800848443e-23, 0.0, 5.293955920339377e-23, -6.617444900424222e-24, 0.0, 0.0, 3.308722450212111e-24, 1.6543612251060553e-24, 0.0, -1.6543612251060553e-24, -5.293955920339377e-23, 0.0, 1.3234889800848443e-23, 0.0, -1.2924697071141057e-26, 5.169878828456423e-26, 0.0, 0.0, 0.0, 5.293955920339377e-23, 0.0, 6.617444900424222e-24, 0.0, 0.0, 8.271806125530277e-25, 0.0, 0.0, -1.3234889800848443e-23, 1.3234889800848443e-23, -1.0339757656912846e-25, -2.0679515313825692e-25, 0.0, 0.0, -4.1359030627651384e-25, 5.293955920339377e-23, 0.0]"
37,"[0.0, 5.293955920339377e-23, 5.421010862427522e-20, 1.3552527156068805e-20, 0.0, 0.0, 0.0, 0.0, 0.0, 0.0, 0.0, 0.0, -1.3552527156068805e-20, 0.0, 5.421010862427522e-20, 2.710505431213761e-20, 1.3552527156068805e-20, 0.0, 5.421010862427522e-20, 0.0, -1.3552527156068805e-20, -1.0842021724855044e-19, 0.0, -1.3552527156068805e-20, 0.0, 8.271806125530277e-25, 0.0, -8.470329472543003e-22, 0.0, -5.293955920339377e-23, 0.0, 0.0, 0.0, 0.0, 0.0, 1.6940658945086007e-21, 0.0, -5.421010862427522e-20, 0.0, -1.6940658945086007e-21, 1.0587911840678754e-22, -2.117582368135751e-22, 0.0, 1.3234889800848443e-23, 0.0, -1.0587911840678754e-22, 4.235164736271502e-22, 0.0, 0.0, 1.0587911840678754e-22, 2.0679515313825692e-25, 1.3234889800848443e-23, 0.0, 0.0, 0.0, -2.6469779601696886e-23, 0.0, 0.0, 1.0587911840678754e-22, 0.0, 0.0, 0.0, 5.293955920339377e-23, 0.0, -1.0587911840678754e-22, 6.617444900424222e-24, 5.293955920339377e-23, 4.235164736271502e-22, 0.0, 0.0, 0.0, -4.235164736271502e-22, 4.235164736271502e-22, 1.6543612251060553e-24, 2.6469779601696886e-23, 0.0, 0.0, 0.0, -6.617444900424222e-24, -2.117582368135751e-22]"
38,"[0.0, 0.0, 0.0, 0.0, 0.0, 0.0, 0.0, 0.0, 0.0, 0.0, 0.0, 0.0, 0.0, 0.0, 0.0, 0.0, 0.0, 0.0, 0.0, 0.0, 0.0, 0.0, 0.0, 0.0, 0.0, 0.0, 0.0, 0.0, 0.0, 0.0, 0.0, 0.0, 0.0, 0.0, 0.0, 0.0, 0.0, 0.0, 0.0, 0.0, 0.0, -2.117582368135751e-22, 0.0, 0.0, 1.0587911840678754e-22, 0.0, 2.117582368135751e-22, 0.0, 5.293955920339377e-23, 0.0, -2.6469779601696886e-23, 0.0, -1.0587911840678754e-22, -8.470329472543003e-22, 1.3234889800848443e-23, -8.271806125530277e-25, 0.0, 1.0587911840678754e-22, 0.0, 0.0, 0.0, 1.0587911840678754e-22, 0.0, 5.293955920339377e-23, 6.617444900424222e-24, 0.0, 0.0, -4.235164736271502e-22, 0.0, 0.0, -5.293955920339377e-23, 0.0, 1.3234889800848443e-23, 0.0, 1.0587911840678754e-22, -8.470329472543003e-22, 1.0587911840678754e-22, 0.0, 1.3234889800848443e-23, -1.0587911840678754e-22]"
39,"[-8.470329472543003e-22, 0.0, 0.0, 0.0, 0.0, 1.0587911840678754e-22, 6.776263578034403e-21, 0.0, 0.0, 0.0, 0.0, 0.0, 0.0, 0.0, 0.0, 0.0, -2.6469779601696886e-23, 3.3881317890172014e-21, 0.0, 0.0, 0.0, 0.0, 0.0, 0.0, 0.0, 0.0, 0.0, 0.0, 0.0, 0.0, 0.0, -1.6940658945086007e-21, 0.0, 0.0, 3.3881317890172014e-21, 0.0, 0.0, 0.0, 0.0, 0.0, -2.117582368135751e-22, -2.117582368135751e-22, 0.0, 0.0, -2.6469779601696886e-23, 2.6469779601696886e-23, 0.0, 0.0, 3.3881317890172014e-21, 5.293955920339377e-23, 1.0587911840678754e-22, 1.0587911840678754e-22, -6.617444900424222e-24, 0.0, 1.3234889800848443e-23, 0.0, 2.117582368135751e-22, -2.6469779601696886e-23, -4.235164736271502e-22, 0.0, 1.3234889800848443e-23, -1.0587911840678754e-22, 0.0, 0.0, 8.470329472543003e-22, 2.6469779601696886e-23, -4.235164736271502e-22, 0.0, -8.271806125530277e-25, -2.117582368135751e-22, 5.293955920339377e-23, 4.235164736271502e-22, 0.0, 0.0, 0.0, 0.0, 0.0, 8.470329472543003e-22, -1.0587911840678754e-22, 2.6469779601696886e-23]"
40,"[0.0, 0.0, 0.0, 1.0587911840678754e-22, 0.0, 0.0, 0.0, 0.0, 5.421010862427522e-20, 0.0, 0.0, 0.0, 0.0, 0.0, 0.0, 1.3552527156068805e-20, -5.421010862427522e-20, 6.617444900424222e-24, -2.710505431213761e-20, 0.0, 0.0, 0.0, 0.0, 1.0587911840678754e-22, 2.6469779601696886e-23, 0.0, 0.0, 0.0, 0.0, 8.470329472543003e-22, 0.0, 0.0, 3.3881317890172014e-21, 4.235164736271502e-22, -1.0587911840678754e-22, 0.0, 0.0, 0.0, 0.0, 0.0, 8.271806125530277e-25, 0.0, 2.117582368135751e-22, 0.0, -2.6469779601696886e-23, 0.0, 0.0, 3.308722450212111e-24, 1.0587911840678754e-22, 0.0, 0.0, -6.617444900424222e-24, 0.0, 0.0, 6.617444900424222e-24, -1.3234889800848443e-23, 8.470329472543003e-22, -1.0587911840678754e-22, 0.0, 3.308722450212111e-24, -5.293955920339377e-23, -4.235164736271502e-22, 1.0587911840678754e-22, 0.0, -1.0587911840678754e-22, 0.0, 4.235164736271502e-22, -1.3234889800848443e-23, 2.117582368135751e-22, -1.6543612251060553e-24, 8.470329472543003e-22, -5.293955920339377e-23, 0.0, -1.3234889800848443e-23, -2.6469779601696886e-23, 2.6469779601696886e-23, 0.0, 0.0, 5.293955920339377e-23, 0.0]"
41,"[0.0, 0.0, 0.0, 0.0, 0.0, 0.0, 0.0, 0.0, 0.0, 0.0, 0.0, 0.0, 0.0, 0.0, 0.0, 0.0, 0.0, 0.0, 0.0, 0.0, 0.0, 0.0, 0.0, 0.0, 0.0, 0.0, 0.0, 0.0, 0.0, 0.0, 0.0, 0.0, 0.0, 0.0, 0.0, 0.0, 0.0, 0.0, 0.0, 0.0, 0.0, 0.0, 8.470329472543003e-22, 4.235164736271502e-22, 0.0, 0.0, 0.0, 0.0, 2.6469779601696886e-23, 0.0, 0.0, -2.117582368135751e-22, -1.0587911840678754e-22, 2.117582368135751e-22, -2.6469779601696886e-23, -2.117582368135751e-22, 0.0, 4.1359030627651384e-25, 0.0, -5.293955920339377e-23, 0.0, 0.0, 1.0587911840678754e-22, 0.0, 8.271806125530277e-25, 1.3234889800848443e-23, 0.0, 0.0, 2.117582368135751e-22, 5.293955920339377e-23, 0.0, -8.470329472543003e-22, -1.3234889800848443e-23, 1.3234889800848443e-23, 8.470329472543003e-22, 0.0, 5.293955920339377e-23, 3.308722450212111e-24, -2.6469779601696886e-23, 0.0]"
42,"[0.0, -1.6543612251060553e-24, 0.0, -4.235164736271502e-22, 0.0, -4.1359030627651384e-25, 0.0, 0.0, 6.776263578034403e-21, 0.0, 0.0, 2.6469779601696886e-23, -5.421010862427522e-20, 0.0, 0.0, 3.3881317890172014e-21, 8.470329472543003e-22, 0.0, -6.776263578034403e-21, 0.0, -1.6940658945086007e-21, 0.0, 0.0, 0.0, 0.0, 0.0, 0.0, 0.0, 0.0, 0.0, -6.776263578034403e-21, 0.0, 0.0, 0.0, 0.0, 0.0, 0.0, 0.0, 0.0, 0.0, 6.617444900424222e-24, 2.117582368135751e-22, -2.6469779601696886e-23, 0.0, -1.0587911840678754e-22, 1.0587911840678754e-22, 2.0679515313825692e-25, 0.0, 1.3234889800848443e-23, 5.293955920339377e-23, 4.235164736271502e-22, 0.0, 2.117582368135751e-22, 0.0, -4.235164736271502e-22, 0.0, 4.235164736271502e-22, 1.3234889800848443e-23, 0.0, 0.0, 0.0, -1.0587911840678754e-22, 4.235164736271502e-22, 0.0, 0.0, 1.6940658945086007e-21, 0.0, 2.6469779601696886e-23, -8.470329472543003e-22, 2.5849394142282115e-26, 0.0, -1.3234889800848443e-23, 0.0, 1.0587911840678754e-22, -4.235164736271502e-22, 3.308722450212111e-24, 0.0, 0.0, -1.3234889800848443e-23, 0.0]"
43,"[0.0, 0.0, -5.421010862427522e-20, 5.421010862427522e-20, 3.3881317890172014e-21, 5.293955920339377e-23, 0.0, 0.0, 0.0, 0.0, 0.0, 0.0, 0.0, 0.0, 6.776263578034403e-21, 2.168404344971009e-19, 0.0, 0.0, 0.0, -1.6940658945086007e-21, 5.421010862427522e-20, 0.0, 2.117582368135751e-22, 0.0, 0.0, 0.0, 0.0, 0.0, 0.0, 1.0587911840678754e-22, 0.0, 1.3552527156068805e-20, 0.0, 0.0, 0.0, 3.3881317890172014e-21, 0.0, 0.0, 0.0, 0.0, -2.6469779601696886e-23, 0.0, 0.0, -5.293955920339377e-23, 0.0, 0.0, 5.293955920339377e-23, -8.470329472543003e-22, -4.235164736271502e-22, 3.308722450212111e-24, -5.293955920339377e-23, 5.293955920339377e-23, -6.617444900424222e-24, 0.0, 1.6543612251060553e-24, -1.3234889800848443e-23, 1.3234889800848443e-23, 0.0, 0.0, 0.0, 5.293955920339377e-23, 0.0, 2.6469779601696886e-23, 0.0, 2.117582368135751e-22, 0.0, 0.0, 1.6155871338926322e-27, 0.0, 0.0, 6.617444900424222e-24, 0.0, 2.6469779601696886e-23, -8.470329472543003e-22, 0.0, 4.235164736271502e-22, -8.271806125530277e-25, 0.0, 0.0, 0.0]"
44,"[0.0, 1.3234889800848443e-23, 8.271806125530277e-25, 0.0, 0.0, 0.0, 0.0, 0.0, 0.0, 0.0, 0.0, 4.235164736271502e-22, 2.117582368135751e-22, 0.0, 0.0, 0.0, 5.293955920339377e-23, 0.0, 0.0, -2.6469779601696886e-23, 6.617444900424222e-24, 0.0, 0.0, 0.0, 1.6940658945086007e-21, 0.0, 0.0, 0.0, 0.0, 0.0, 3.308722450212111e-24, 0.0, 0.0, 0.0, 0.0, -1.6543612251060553e-24, 0.0, 0.0, 5.293955920339377e-23, 0.0, -2.117582368135751e-22, 0.0, -1.0339757656912846e-25, 0.0, -1.3234889800848443e-23, 0.0, -1.0587911840678754e-22, 5.293955920339377e-23, 0.0, 6.617444900424222e-24, -1.0587911840678754e-22, 0.0, 0.0, 8.271806125530277e-25, -1.0339757656912846e-25, -2.0679515313825692e-25, 0.0, -2.117582368135751e-22, -1.3234889800848443e-23, 0.0, 0.0, 1.0587911840678754e-22, 2.117582368135751e-22, 0.0, 6.617444900424222e-24, 0.0, 0.0, 0.0, -1.3234889800848443e-23, 4.1359030627651384e-25, 0.0, 1.3234889800848443e-23, -5.293955920339377e-23, 0.0, 0.0, -2.6469779601696886e-23, 0.0, -8.470329472543003e-22, 0.0, 0.0]"
45,"[-3.3881317890172014e-21, 8.470329472543003e-22, 0.0, 0.0, 0.0, 0.0, 0.0, 0.0, 0.0, 0.0, 0.0, 0.0, 0.0, 0.0, -6.776263578034403e-21, 1.6940658945086007e-21, 4.235164736271502e-22, 3.3881317890172014e-21, -1.6940658945086007e-21, 0.0, 0.0, 0.0, 0.0, -1.3552527156068805e-20, 0.0, 0.0, 0.0, 0.0, -1.3552527156068805e-20, 0.0, 1.0842021724855044e-19, 0.0, 0.0, 0.0, 3.3881317890172014e-21, 0.0, 0.0, 0.0, 0.0, -4.235164736271502e-22, 0.0, -1.0587911840678754e-22, 0.0, 3.2311742677852644e-27, 1.6940658945086007e-21, -8.470329472543003e-22, 0.0, -6.617444900424222e-24, -1.3234889800848443e-23, -1.0587911840678754e-22, 0.0, 5.293955920339377e-23, 2.117582368135751e-22, 0.0, -1.6543612251060553e-24, -6.617444900424222e-24, 1.6543612251060553e-24, -2.117582368135751e-22, 8.470329472543003e-22, 8.271806125530277e-25, 0.0, -4.235164736271502e-22, 0.0, 0.0, 1.0587911840678754e-22, -1.3234889800848443e-23, 0.0, -2.117582368135751e-22, 2.117582368135751e-22, 0.0, 2.6469779601696886e-23, 5.293955920339377e-23, 0.0, -2.117582368135751e-22, -6.617444900424222e-24, 0.0, 0.0, 0.0, 0.0, 0.0]"
46,"[0.0, 0.0, 4.235164736271502e-22, 4.235164736271502e-22, 0.0, 4.235164736271502e-22, 0.0, 0.0, 0.0, 0.0, 0.0, 0.0, 0.0, 0.0, 0.0, 0.0, 0.0, 0.0, 4.235164736271502e-22, -2.117582368135751e-22, -5.293955920339377e-23, 0.0, 0.0, 0.0, 0.0, 0.0, 0.0, 0.0, 0.0, 0.0, 0.0, 0.0, 0.0, 0.0, 0.0, 0.0, 0.0, 0.0, 0.0, 0.0, 4.1359030627651384e-25, 1.6543612251060553e-24, 0.0, 1.0587911840678754e-22, 2.5849394142282115e-26, 0.0, -4.1359030627651384e-25, -3.308722450212111e-24, 0.0, -3.308722450212111e-24, 2.117582368135751e-22, -6.617444900424222e-24, 2.6469779601696886e-23, 0.0, 0.0, 0.0, 5.293955920339377e-23, 0.0, -1.2924697071141057e-26, 5.293955920339377e-23, 0.0, 0.0, -2.6469779601696886e-23, 0.0, -3.308722450212111e-24, 0.0, 5.293955920339377e-23, 4.1359030627651384e-25, 0.0, -1.0587911840678754e-22, 0.0, 5.293955920339377e-23, 0.0, 1.3234889800848443e-23, -5.293955920339377e-23, -3.308722450212111e-24, 0.0, 0.0, 6.617444900424222e-24, 2.6469779601696886e-23]"
47,"[0.0, 0.0, 0.0, 0.0, 0.0, 0.0, 0.0, 0.0, 0.0, 0.0, 0.0, 0.0, 2.6469779601696886e-23, 0.0, 0.0, 0.0, 0.0, 0.0, 0.0, 0.0, -1.0587911840678754e-22, 0.0, 0.0, 0.0, 0.0, 0.0, 0.0, 0.0, 0.0, 0.0, 0.0, 0.0, 0.0, 6.617444900424222e-24, 0.0, 0.0, 0.0, 0.0, 0.0, 0.0, 0.0, 0.0, 4.235164736271502e-22, -2.6469779601696886e-23, -2.6469779601696886e-23, -1.0587911840678754e-22, 2.117582368135751e-22, 0.0, 0.0, 0.0, 0.0, 0.0, 0.0, 0.0, 5.293955920339377e-23, 0.0, 1.0587911840678754e-22, -1.0339757656912846e-25, 6.617444900424222e-24, 0.0, -1.3234889800848443e-23, 0.0, -2.117582368135751e-22, 0.0, -8.470329472543003e-22, 0.0, -8.470329472543003e-22, -5.293955920339377e-23, 0.0, 2.6469779601696886e-23, -2.117582368135751e-22, 0.0, 5.293955920339377e-23, 0.0, 0.0, 2.117582368135751e-22, 3.308722450212111e-24, 1.6543612251060553e-24, 0.0, 3.308722450212111e-24]"
48,"[0.0, 1.0587911840678754e-22, 0.0, -5.293955920339377e-23, 0.0, 2.6469779601696886e-23, 0.0, 0.0, -1.3234889800848443e-23, 0.0, 0.0, -1.0587911840678754e-22, -5.293955920339377e-23, -1.3234889800848443e-23, -8.470329472543003e-22, 0.0, 0.0, 0.0, 2.6469779601696886e-23, 0.0, -5.293955920339377e-23, 0.0, 0.0, 0.0, 0.0, 0.0, 0.0, 0.0, 4.235164736271502e-22, 0.0, 0.0, 0.0, -8.271806125530277e-25, 0.0, 0.0, 1.3552527156068805e-20, 0.0, 0.0, 0.0, -4.235164736271502e-22, 4.235164736271502e-22, 5.293955920339377e-23, 0.0, 1.0587911840678754e-22, 0.0, 5.293955920339377e-23, -8.271806125530277e-25, 0.0, 5.293955920339377e-23, 2.117582368135751e-22, 0.0, 0.0, 0.0, 5.169878828456423e-26, -1.6940658945086007e-21, 0.0, 0.0, -2.117582368135751e-22, 0.0, 1.6940658945086007e-21, 0.0, 0.0, 0.0, 5.293955920339377e-23, -8.470329472543003e-22, 0.0, -1.3234889800848443e-23, 1.0587911840678754e-22, 0.0, 4.235164736271502e-22, 0.0, 0.0, -8.470329472543003e-22, 1.6940658945086007e-21, 0.0, -1.0587911840678754e-22, 0.0, 0.0, 0.0, 0.0]"
49,"[0.0, 0.0, 2.117582368135751e-22, 0.0, -8.470329472543003e-22, 0.0, 0.0, 0.0, 0.0, 0.0, -1.0587911840678754e-22, 0.0, 4.235164736271502e-22, 0.0, 0.0, 0.0, -6.776263578034403e-21, 0.0, -5.421010862427522e-20, 0.0, -5.421010862427522e-20, -4.235164736271502e-22, 0.0, 0.0, 0.0, -6.776263578034403e-21, 0.0, 0.0, -8.470329472543003e-22, 6.617444900424222e-24, 0.0, 0.0, 0.0, 0.0, 0.0, -1.3552527156068805e-20, 0.0, 0.0, 0.0, 0.0, 0.0, 0.0, 0.0, 3.308722450212111e-24, 8.271806125530277e-25, 5.293955920339377e-23, 5.169878828456423e-26, 0.0, -8.271806125530277e-25, -5.293955920339377e-23, 0.0, 0.0, -2.6469779601696886e-23, 5.293955920339377e-23, 2.6469779601696886e-23, 0.0, 0.0, -1.0339757656912846e-25, 0.0, -3.308722450212111e-24, -8.271806125530277e-25, 0.0, 0.0, 0.0, -4.1359030627651384e-25, 3.308722450212111e-24, -2.6469779601696886e-23, 4.1359030627651384e-25, 0.0, 1.0587911840678754e-22, -1.3234889800848443e-23, -8.271806125530277e-25, -2.6469779601696886e-23, 2.0679515313825692e-25, -4.1359030627651384e-25, 3.308722450212111e-24, 0.0, -6.617444900424222e-24, 0.0, 0.0]"
50,"[0.0, 0.0, 0.0, 0.0, 0.0, 0.0, 0.0, 0.0, 0.0, 0.0, 0.0, 0.0, 0.0, 0.0, 0.0, 0.0, 0.0, 0.0, 0.0, 0.0, 0.0, 0.0, 0.0, 0.0, 0.0, 0.0, 0.0, 0.0, 0.0, 0.0, 0.0, 0.0, 0.0, 0.0, 0.0, 0.0, 0.0, 0.0, 0.0, 0.0, 0.0, 2.6469779601696886e-23, 5.293955920339377e-23, 0.0, 1.6155871338926322e-27, -1.6543612251060553e-24, -6.617444900424222e-24, 1.3234889800848443e-23, 1.0587911840678754e-22, 0.0, 0.0, 2.117582368135751e-22, -6.462348535570529e-27, 0.0, 8.271806125530277e-25, -2.6469779601696886e-23, 1.3234889800848443e-23, 0.0, 3.308722450212111e-24, -1.0587911840678754e-22, 0.0, 1.3234889800848443e-23, 0.0, 0.0, -2.6469779601696886e-23, 0.0, 0.0, 0.0, 5.293955920339377e-23, 2.6469779601696886e-23, -3.308722450212111e-24, -5.293955920339377e-23, 0.0, 0.0, -5.293955920339377e-23, -6.617444900424222e-24, 5.293955920339377e-23, 0.0, 3.308722450212111e-24, 0.0]"
51,"[0.0, 0.0, 0.0, 0.0, 0.0, 2.117582368135751e-22, 0.0, 0.0, 0.0, 0.0, 0.0, 0.0, 0.0, 0.0, 0.0, 0.0, 0.0, 0.0, -8.470329472543003e-22, 0.0, 0.0, 0.0, 0.0, 0.0, 0.0, 0.0, 0.0, 0.0, 0.0, -2.6469779601696886e-23, 0.0, 0.0, 0.0, 0.0, 0.0, 0.0, 0.0, 0.0, 0.0, 0.0, 1.3234889800848443e-23, 1.3234889800848443e-23, 0.0, -6.617444900424222e-24, -5.169878828456423e-26, 0.0, 0.0, -1.0339757656912846e-25, 0.0, 0.0, 5.293955920339377e-23, 0.0, 0.0, -2.6469779601696886e-23, 0.0, -3.2311742677852644e-27, -5.293955920339377e-23, -5.293955920339377e-23, 0.0, 2.117582368135751e-22, 1.2924697071141057e-26, 0.0, 2.117582368135751e-22, 0.0, 0.0, -2.5849394142282115e-26, -1.2924697071141057e-26, -2.6469779601696886e-23, 2.6469779601696886e-23, 0.0, -6.617444900424222e-24, 0.0, -2.6469779601696886e-23, 1.3234889800848443e-23, 1.0587911840678754e-22, -1.0587911840678754e-22, -1.3234889800848443e-23, 0.0, -4.235164736271502e-22, -1.3234889800848443e-23]"
52,"[0.0, 0.0, 0.0, 0.0, 2.117582368135751e-22, 3.3881317890172014e-21, 8.470329472543003e-22, 0.0, 0.0, 0.0, 0.0, 1.6940658945086007e-21, 0.0, 0.0, -1.3552527156068805e-20, 1.3552527156068805e-20, 1.6940658945086007e-21, 0.0, 0.0, 0.0, 1.6940658945086007e-21, -1.6940658945086007e-21, 5.293955920339377e-23, 0.0, 0.0, 0.0, 0.0, 0.0, 0.0, 0.0, 3.3881317890172014e-21, 2.710505431213761e-20, -1.0587911840678754e-22, 0.0, 0.0, 0.0, 0.0, 0.0, 0.0, 0.0, 1.3234889800848443e-23, 0.0, 0.0, 0.0, 0.0, 0.0, 1.0587911840678754e-22, 0.0, -4.235164736271502e-22, -8.470329472543003e-22, 0.0, 1.0587911840678754e-22, -1.3234889800848443e-23, 4.235164736271502e-22, -4.235164736271502e-22, 0.0, 0.0, 0.0, -5.293955920339377e-23, 2.6469779601696886e-23, 0.0, 2.6469779601696886e-23, 0.0, 0.0, 4.235164736271502e-22, -2.6469779601696886e-23, -5.293955920339377e-23, 1.3234889800848443e-23, -1.0587911840678754e-22, -2.117582368135751e-22, 0.0, 0.0, 2.117582368135751e-22, 0.0, 0.0, 0.0, 5.293955920339377e-23, 0.0, 0.0, 1.0587911840678754e-22]"
53,"[0.0, 0.0, 0.0, -5.293955920339377e-23, 1.3234889800848443e-23, 4.235164736271502e-22, -1.0587911840678754e-22, 0.0, 0.0, 0.0, 0.0, 0.0, 1.6940658945086007e-21, 0.0, 0.0, 1.0842021724855044e-19, -2.710505431213761e-20, 0.0, 0.0, 0.0, 0.0, 4.235164736271502e-22, 0.0, 0.0, 0.0, 0.0, 2.117582368135751e-22, 2.117582368135751e-22, 0.0, 5.293955920339377e-23, 0.0, -3.3881317890172014e-21, 0.0, -2.6469779601696886e-23, 3.308722450212111e-24, 1.6543612251060553e-24, 1.3234889800848443e-23, 5.293955920339377e-23, 2.0679515313825692e-25, -6.776263578034403e-21, 5.293955920339377e-23, 0.0, -8.470329472543003e-22, 2.117582368135751e-22, 0.0, 0.0, -1.0587911840678754e-22, 0.0, -2.6469779601696886e-23, -1.3234889800848443e-23, -5.293955920339377e-23, 0.0, -6.617444900424222e-24, 0.0, 1.0587911840678754e-22, 2.117582368135751e-22, 0.0, 1.6543612251060553e-24, 0.0, 2.117582368135751e-22, 0.0, -2.117582368135751e-22, 2.117582368135751e-22, 0.0, 0.0, -1.0587911840678754e-22, 4.235164736271502e-22, 4.235164736271502e-22, 0.0, 5.293955920339377e-23, 0.0, 5.293955920339377e-23, 0.0, 5.293955920339377e-23, 0.0, 0.0, -3.308722450212111e-24, 0.0, -1.3234889800848443e-23, 5.293955920339377e-23]"
54,"[0.0, 0.0, 0.0, 0.0, 0.0, 0.0, 0.0, 0.0, 0.0, 0.0, 0.0, 0.0, 0.0, 0.0, 0.0, 0.0, 0.0, 0.0, 0.0, 0.0, 2.117582368135751e-22, 0.0, 0.0, 0.0, 0.0, 0.0, 0.0, 0.0, 0.0, 0.0, 0.0, 0.0, 0.0, 0.0, 0.0, 0.0, 0.0, 0.0, 8.470329472543003e-22, 0.0, 0.0, 0.0, 0.0, 6.617444900424222e-24, 2.117582368135751e-22, -3.308722450212111e-24, 3.308722450212111e-24, 5.293955920339377e-23, 0.0, -2.6469779601696886e-23, 0.0, 0.0, 3.308722450212111e-24, -1.0587911840678754e-22, 0.0, 0.0, 1.0587911840678754e-22, 0.0, 0.0, 0.0, 2.117582368135751e-22, 2.117582368135751e-22, 5.293955920339377e-23, 0.0, 0.0, 0.0, -2.6469779601696886e-23, 0.0, -1.0587911840678754e-22, 0.0, 0.0, 0.0, 0.0, 0.0, 0.0, -1.3234889800848443e-23, 0.0, 0.0, -2.6469779601696886e-23, -6.617444900424222e-24]"
55,"[0.0, 0.0, 0.0, 0.0, 0.0, 0.0, 0.0, 0.0, 0.0, 0.0, 0.0, 0.0, 0.0, 0.0, 0.0, 0.0, 0.0, 0.0, 0.0, 0.0, 0.0, 0.0, 0.0, 0.0, 0.0, 0.0, 0.0, 0.0, 0.0, 0.0, 0.0, 0.0, 0.0, 0.0, 0.0, 0.0, 0.0, 0.0, 0.0, 0.0, 0.0, 0.0, -3.308722450212111e-24, 1.3234889800848443e-23, 0.0, 0.0, -8.470329472543003e-22, 0.0, 0.0, 0.0, -1.0587911840678754e-22, 0.0, 6.617444900424222e-24, 0.0, 0.0, -2.117582368135751e-22, 2.117582368135751e-22, -2.117582368135751e-22, -8.470329472543003e-22, 0.0, 0.0, 0.0, -1.3234889800848443e-23, -2.117582368135751e-22, 0.0, 1.0587911840678754e-22, 0.0, 0.0, 0.0, 0.0, 1.0587911840678754e-22, 2.6469779601696886e-23, -4.235164736271502e-22, 0.0, -5.293955920339377e-23, 0.0, 2.6469779601696886e-23, 1.6543612251060553e-24, 0.0, 0.0]"
56,"[-4.235164736271502e-22, 0.0, 0.0, -3.3881317890172014e-21, 0.0, 0.0, 0.0, 0.0, 0.0, 4.235164736271502e-22, 0.0, -5.293955920339377e-23, 0.0, 0.0, 0.0, 0.0, 2.117582368135751e-22, 0.0, 2.710505431213761e-20, 0.0, -2.117582368135751e-22, 0.0, 0.0, -5.293955920339377e-23, 8.470329472543003e-22, 0.0, 0.0, 0.0, 0.0, 0.0, 0.0, 0.0, 0.0, 0.0, 4.235164736271502e-22, -4.235164736271502e-22, 0.0, 4.235164736271502e-22, 0.0, 1.6940658945086007e-21, -2.0679515313825692e-25, -5.293955920339377e-23, -6.617444900424222e-24, -1.6155871338926322e-27, 2.117582368135751e-22, 0.0, 0.0, -1.0339757656912846e-25, 0.0, 1.0339757656912846e-25, 0.0, 0.0, 0.0, -2.6469779601696886e-23, 5.293955920339377e-23, -3.2311742677852644e-27, -1.0339757656912846e-25, 0.0, -1.3234889800848443e-23, 0.0, 6.462348535570529e-27, 0.0, 0.0, 0.0, -2.5849394142282115e-26, 3.308722450212111e-24, 0.0, 0.0, 4.1359030627651384e-25, 3.308722450212111e-24, 2.5849394142282115e-26, -2.6469779601696886e-23, 0.0, 0.0, 1.6543612251060553e-24, -4.1359030627651384e-25, 0.0, 3.308722450212111e-24, -3.308722450212111e-24, 0.0]"
57,"[0.0, 1.0587911840678754e-22, 0.0, -6.617444900424222e-24, 0.0, 0.0, 0.0, 0.0, 0.0, 0.0, 0.0, 0.0, -4.235164736271502e-22, 0.0, -3.308722450212111e-24, 0.0, 0.0, 0.0, -6.776263578034403e-21, 0.0, -8.470329472543003e-22, -8.470329472543003e-22, 0.0, 0.0, 0.0, 0.0, 0.0, 1.3234889800848443e-23, 0.0, 5.293955920339377e-23, 0.0, 0.0, 0.0, 5.293955920339377e-23, 0.0, 0.0, 3.3881317890172014e-21, 0.0, 0.0, 0.0, -4.1359030627651384e-25, 1.3234889800848443e-23, 5.169878828456423e-26, -8.271806125530277e-25, -2.6469779601696886e-23, -1.0587911840678754e-22, 0.0, 6.462348535570529e-27, 1.3234889800848443e-23, -1.0587911840678754e-22, 5.169878828456423e-26, -1.0339757656912846e-25, -5.169878828456423e-26, -8.271806125530277e-25, 0.0, -2.6469779601696886e-23, -3.308722450212111e-24, -1.3234889800848443e-23, 0.0, 1.3234889800848443e-23, 1.0339757656912846e-25, 0.0, 0.0, 1.0339757656912846e-25, 3.308722450212111e-24, 0.0, 0.0, 0.0, 0.0, -1.3234889800848443e-23, -2.6469779601696886e-23, 4.1359030627651384e-25, 0.0, 0.0, -1.6543612251060553e-24, 3.308722450212111e-24, -3.308722450212111e-24, 2.6469779601696886e-23, 0.0, -6.617444900424222e-24]"
58,"[0.0, -5.293955920339377e-23, 0.0, -2.710505431213761e-20, 0.0, 0.0, 0.0, 0.0, -2.710505431213761e-20, 0.0, 0.0, 0.0, -2.710505431213761e-20, 0.0, 0.0, -3.3881317890172014e-21, 0.0, 0.0, -4.336808689942018e-19, 0.0, -1.3552527156068805e-20, 0.0, 0.0, 0.0, 0.0, 0.0, 0.0, 0.0, 0.0, 1.3552527156068805e-20, 0.0, 0.0, 0.0, 5.421010862427522e-20, 0.0, 0.0, 0.0, 0.0, 0.0, 0.0, 0.0, -3.308722450212111e-24, -8.470329472543003e-22, -2.117582368135751e-22, 0.0, 0.0, -5.293955920339377e-23, 2.6469779601696886e-23, 2.117582368135751e-22, 0.0, 0.0, -5.293955920339377e-23, 6.617444900424222e-24, 4.1359030627651384e-25, 0.0, 0.0, 0.0, -2.117582368135751e-22, -1.6543612251060553e-24, 0.0, 2.117582368135751e-22, -2.117582368135751e-22, 2.6469779601696886e-23, -1.3234889800848443e-23, 0.0, 8.271806125530277e-25, -8.470329472543003e-22, 1.0587911840678754e-22, 0.0, 0.0, 3.308722450212111e-24, 4.1359030627651384e-25, 0.0, -3.308722450212111e-24, -8.271806125530277e-25, -2.117582368135751e-22, -2.6469779601696886e-23, 5.293955920339377e-23, 0.0, 0.0]"
59,"[0.0, 0.0, 0.0, 0.0, 0.0, 0.0, 0.0, 0.0, 8.470329472543003e-22, 0.0, 0.0, 0.0, 0.0, 0.0, 0.0, 1.6543612251060553e-24, 0.0, 0.0, 0.0, 0.0, -5.169878828456423e-26, 0.0, 0.0, 0.0, 0.0, 0.0, 0.0, 0.0, 0.0, 0.0, 1.3234889800848443e-23, 0.0, 0.0, 0.0, 0.0, 0.0, 0.0, 0.0, 0.0, 0.0, 1.6543612251060553e-24, 0.0, -3.308722450212111e-24, -5.293955920339377e-23, 0.0, 0.0, 0.0, -6.617444900424222e-24, -2.0679515313825692e-25, -8.271806125530277e-25, 1.0097419586828951e-28, 2.0679515313825692e-25, 4.1359030627651384e-25, 5.293955920339377e-23, -1.0097419586828951e-28, 0.0, -1.3234889800848443e-23, 0.0, 3.308722450212111e-24, -1.0587911840678754e-22, 0.0, 0.0, 0.0, 0.0, 6.462348535570529e-27, -1.2924697071141057e-26, 0.0, 1.0339757656912846e-25, 0.0, 0.0, 0.0, 0.0, 0.0, -3.308722450212111e-24, 4.1359030627651384e-25, 0.0, 2.5849394142282115e-26, 1.6543612251060553e-24, -2.6469779601696886e-23, -8.271806125530277e-25]"
60,"[0.0, 0.0, 0.0, -2.710505431213761e-20, 0.0, 0.0, 0.0, 0.0, 0.0, 0.0, 0.0, 0.0, 0.0, 0.0, 0.0, 1.3552527156068805e-20, 0.0, 0.0, 6.776263578034403e-21, 0.0, 0.0, 0.0, 0.0, 0.0, 0.0, 0.0, 0.0, 0.0, 5.421010862427522e-20, 6.776263578034403e-21, 0.0, 0.0, 0.0, -6.776263578034403e-21, 8.470329472543003e-22, 0.0, 0.0, -1.3552527156068805e-20, 0.0, 0.0, 0.0, 1.0339757656912846e-25, 0.0, 0.0, 2.117582368135751e-22, 1.0587911840678754e-22, -2.6469779601696886e-23, 0.0, 0.0, 5.293955920339377e-23, 0.0, 0.0, 4.235164736271502e-22, 2.117582368135751e-22, -1.0587911840678754e-22, 0.0, 0.0, 0.0, 4.235164736271502e-22, 1.6543612251060553e-24, -5.293955920339377e-23, 0.0, 2.6469779601696886e-23, 0.0, 1.0587911840678754e-22, 6.617444900424222e-24, 4.1359030627651384e-25, 0.0, 0.0, -2.6469779601696886e-23, 0.0, -2.6469779601696886e-23, 0.0, 0.0, 1.0587911840678754e-22, 0.0, 0.0, 5.293955920339377e-23, 6.310887241768095e-30, 0.0]"
61,"[0.0, 2.710505431213761e-20, 0.0, -2.168404344971009e-19, 0.0, 1.6940658945086007e-21, -8.470329472543003e-22, 0.0, 0.0, 0.0, 0.0, 0.0, 1.3552527156068805e-20, 0.0, -6.776263578034403e-21, 2.710505431213761e-20, 0.0, -3.3881317890172014e-21, 1.6940658945086007e-21, 0.0, 0.0, 1.6940658945086007e-21, 0.0, 0.0, 0.0, 2.117582368135751e-22, 0.0, -1.3234889800848443e-23, 0.0, 3.308722450212111e-24, -2.117582368135751e-22, 1.6940658945086007e-21, 0.0, 0.0, -1.3552527156068805e-20, 1.6940658945086007e-21, 0.0, 2.710505431213761e-20, 0.0, 0.0, 0.0, 0.0, 0.0, 0.0, 0.0, 5.293955920339377e-23, 0.0, 0.0, -8.470329472543003e-22, 3.308722450212111e-24, 0.0, 0.0, -2.117582368135751e-22, 0.0, -1.0587911840678754e-22, 0.0, -8.470329472543003e-22, 6.617444900424222e-24, 0.0, 0.0, 4.1359030627651384e-25, 6.617444900424222e-24, 0.0, 0.0, 1.0587911840678754e-22, 0.0, -1.6940658945086007e-21, 0.0, 0.0, -2.117582368135751e-22, 8.271806125530277e-25, 1.0587911840678754e-22, 0.0, 0.0, 0.0, 3.308722450212111e-24, 0.0, 2.6469779601696886e-23, -5.293955920339377e-23, -1.0587911840678754e-22]"
62,"[-2.6469779601696886e-23, 0.0, 1.6940658945086007e-21, 1.0587911840678754e-22, 0.0, -3.3881317890172014e-21, -6.776263578034403e-21, 0.0, 0.0, 0.0, 0.0, 0.0, 3.3881317890172014e-21, 0.0, 0.0, 0.0, 3.3881317890172014e-21, 0.0, -4.235164736271502e-22, 0.0, 0.0, 0.0, 0.0, 0.0, 0.0, 0.0, 0.0, 0.0, 3.3881317890172014e-21, -2.117582368135751e-22, 6.776263578034403e-21, 8.470329472543003e-22, 1.3552527156068805e-20, 0.0, 0.0, -3.3881317890172014e-21, 0.0, 0.0, 0.0, 0.0, 0.0, 0.0, 0.0, 0.0, -2.6469779601696886e-23, 0.0, 0.0, 1.0587911840678754e-22, -1.3234889800848443e-23, -1.3234889800848443e-23, 0.0, 3.308722450212111e-24, -4.235164736271502e-22, 0.0, 0.0, 2.117582368135751e-22, 0.0, 0.0, -1.0587911840678754e-22, 0.0, 0.0, 0.0, -4.235164736271502e-22, 5.293955920339377e-23, -5.293955920339377e-23, 0.0, 0.0, -3.308722450212111e-24, 0.0, -6.617444900424222e-24, -2.117582368135751e-22, -3.308722450212111e-24, 0.0, 0.0, 4.1359030627651384e-25, 0.0, 0.0, 1.0587911840678754e-22, 0.0, 6.617444900424222e-24]"
63,"[0.0, 0.0, 0.0, 0.0, 0.0, 6.617444900424222e-24, 0.0, 0.0, 8.470329472543003e-22, 0.0, 0.0, 0.0, 0.0, 0.0, 0.0, 0.0, 0.0, 0.0, 0.0, -8.470329472543003e-22, 0.0, 0.0, 0.0, 0.0, 0.0, 0.0, -6.617444900424222e-24, 0.0, 0.0, 0.0, 0.0, 0.0, 0.0, 0.0, 0.0, 0.0, -8.470329472543003e-22, 0.0, 0.0, 0.0, 0.0, 2.6469779601696886e-23, 0.0, 0.0, 0.0, -1.6543612251060553e-24, 0.0, 3.308722450212111e-24, 0.0, 2.117582368135751e-22, -2.6469779601696886e-23, 0.0, -5.293955920339377e-23, 0.0, 0.0, 4.235164736271502e-22, 1.6940658945086007e-21, 0.0, -5.293955920339377e-23, -4.235164736271502e-22, 5.293955920339377e-23, 5.293955920339377e-23, 1.6543612251060553e-24, 0.0, -8.470329472543003e-22, 0.0, 1.3234889800848443e-23, -1.0587911840678754e-22, 0.0, 0.0, 0.0, 0.0, -1.6543612251060553e-24, 0.0, -2.6469779601696886e-23, 5.293955920339377e-23, -4.235164736271502e-22, 6.617444900424222e-24, 0.0, 0.0]"
64,"[-6.776263578034403e-21, -6.776263578034403e-21, 0.0, 2.710505431213761e-20, 0.0, 0.0, -1.0587911840678754e-22, 0.0, 0.0, 0.0, 0.0, 0.0, 0.0, 0.0, 1.6940658945086007e-21, -5.293955920339377e-23, 8.470329472543003e-22, 0.0, 0.0, 0.0, 6.776263578034403e-21, 0.0, 0.0, 0.0, 0.0, 0.0, 0.0, 0.0, 0.0, 0.0, 0.0, 0.0, -3.3881317890172014e-21, 0.0, -8.470329472543003e-22, 0.0, 0.0, 3.3881317890172014e-21, 0.0, 0.0, 0.0, 4.1359030627651384e-25, 6.617444900424222e-24, 0.0, 6.617444900424222e-24, 1.3234889800848443e-23, 0.0, 0.0, 0.0, 2.6469779601696886e-23, 0.0, 2.117582368135751e-22, 0.0, 4.235164736271502e-22, -2.117582368135751e-22, -5.293955920339377e-23, 0.0, 0.0, -5.293955920339377e-23, 5.293955920339377e-23, 0.0, 0.0, 0.0, -3.308722450212111e-24, -1.0587911840678754e-22, -8.470329472543003e-22, 0.0, 2.6469779601696886e-23, 0.0, 5.293955920339377e-23, -3.308722450212111e-24, -1.3234889800848443e-23, -2.6469779601696886e-23, 4.235164736271502e-22, -1.3234889800848443e-23, 2.6469779601696886e-23, 0.0, 1.0587911840678754e-22, -2.117582368135751e-22, -2.6469779601696886e-23]"
65,"[0.0, 0.0, -6.776263578034403e-21, 0.0, 0.0, 0.0, 0.0, 0.0, 0.0, 0.0, 0.0, -6.776263578034403e-21, 3.3881317890172014e-21, 0.0, 0.0, 0.0, 0.0, 0.0, -3.3881317890172014e-21, 1.6940658945086007e-21, 0.0, 0.0, 0.0, 0.0, 8.470329472543003e-22, 0.0, 0.0, 0.0, 4.235164736271502e-22, 0.0, 0.0, 0.0, 0.0, 0.0, 0.0, -1.3552527156068805e-20, 0.0, 0.0, 0.0, 0.0, -1.0339757656912846e-25, 0.0, 0.0, 0.0, 0.0, 0.0, 0.0, 0.0, 0.0, 0.0, 0.0, -1.6543612251060553e-24, 0.0, -5.293955920339377e-23, 2.6469779601696886e-23, 0.0, 8.271806125530277e-25, -5.293955920339377e-23, 0.0, -3.308722450212111e-24, 8.077935669463161e-28, 0.0, 0.0, 0.0, -6.617444900424222e-24, 8.271806125530277e-25, -4.1359030627651384e-25, 0.0, 0.0, 0.0, 0.0, 0.0, 0.0, 1.6543612251060553e-24, 0.0, 0.0, 0.0, 0.0, 1.3234889800848443e-23, 1.2924697071141057e-26]"
66,"[0.0, -5.293955920339377e-23, 0.0, -2.6469779601696886e-23, 0.0, 0.0, 0.0, 0.0, 0.0, 0.0, 0.0, 0.0, 0.0, 0.0, 0.0, 0.0, 0.0, 0.0, 2.117582368135751e-22, 1.0587911840678754e-22, -1.0842021724855044e-19, 3.3881317890172014e-21, 0.0, 0.0, 0.0, 0.0, 0.0, 0.0, 3.3881317890172014e-21, 0.0, 0.0, 0.0, 0.0, -1.0587911840678754e-22, 1.6940658945086007e-21, 0.0, 0.0, 8.470329472543003e-22, -3.3881317890172014e-21, 0.0, 8.470329472543003e-22, 0.0, -1.0587911840678754e-22, 0.0, 0.0, -8.470329472543003e-22, 0.0, 0.0, -2.117582368135751e-22, -2.6469779601696886e-23, -2.117582368135751e-22, 2.117582368135751e-22, -6.617444900424222e-24, 0.0, 1.0587911840678754e-22, 0.0, 0.0, -1.3234889800848443e-23, 0.0, 0.0, -8.470329472543003e-22, 0.0, -1.6940658945086007e-21, 2.117582368135751e-22, -8.470329472543003e-22, 0.0, 0.0, 0.0, -1.3234889800848443e-23, -2.6469779601696886e-23, 0.0, 0.0, 0.0, 0.0, 8.271806125530277e-25, 0.0, -6.617444900424222e-24, 0.0, 1.6543612251060553e-24, 0.0]"
